"","회사명","면접질문"
"1","삼성전자(주)","팀원 중 한명이 능력이 떨어지면 어떻게 할것인가?"
"2","삼성전자(주)","OO씨가 생각하는 리더십이란 무엇이가?"
"3","삼성전자(주)","입사해 제품을 개발한다면 어떤 제품을 개발하고 싶은가?"
"4","삼성전자(주)","입사를 한다면 어떤식으로 업무에 응할 것인지"
"5","삼성전자(주)","경력직 이직인데 이직한 이유가 있는지"
"6","삼성전자(주)","업무절차 프로세스 질문을 함 ex)관공서 대응"
"7","삼성전자(주)","자기소개"
"8","삼성전자(주)","이직 사유"
"9","삼성전자(주)","마지막으로 하구 싶은 말"
"10","삼성전자(주)","아르바이트 경험"
"11","삼성전자(주)","왜 지원을 했는지"
"12","삼성전자(주)","잠은 잘 자는 편인지"
"13","삼성전자(주)","동아리 활동"
"14","삼성전자(주)","기업의 사회적책임에 대해서 어떻게 생각하는가?"
"15","삼성전자(주)","전자공학전공이신데 왜 공정기술직무로 지원하셨나요?"
"16","삼성전자(주)","대외활동중에서 가장 기억에 남는 활동은?"
"17","삼성전자(주)","설비를 직접해본적이 있는가?"
"18","삼성전자(주)","~~으로 상을 받았는데 ~~은 무엇인가?"
"19","삼성전자(주)","자격증 무엇을 땄는가?"
"20","삼성전자(주)","부당한 지시가 있다면 어떻게 할 것인가?"
"21","삼성전자(주)","선배에게 정당한 지시를 하려고 하면 어떻게 할 것인가?"
"22","삼성전자(주)","p형, n형 반도체는 무엇인가?"
"23","삼성전자(주)","본인의 창의적인 경험을 말해보세요."
"24","삼성전자(주)","본인의 학점이 상당히 좋은데 대학시절 혹시 공부만 한 건 아니었나요? or 비결이 무엇이라고 생각하나요?"
"25","삼성전자(주)","우리 회사에서 인턴을 했는데 최종면접에서 전환이 안 되었는데 그 이유는 무엇이라고 생각하나요?"
"26","삼성전자(주)","LOCOS 공정에 대해 설명해 보세요."
"27","삼성전자(주)","conformal한 증착을 위해 필요한 조건을 아는 대로 말해 보세요."
"28","삼성전자(주)","이전직장에서 무슨업무했는지?"
"29","삼성전자(주)","왜 이직하는지?"
"30","삼성전자(주)","그 전 회사가 다수일경우 두개회사 비교질문"
"31","현대자동차(주)","포트폴리오 기반 질문"
"32","현대자동차(주)","갈등 발생 시 어떻게 해결"
"33","현대자동차(주)","상사와 트러블 시 어떻게 해결"
"34","현대자동차(주)","스스로의 강점? 다른 지원자보다 우수하다고 생각하는점"
"35","현대자동차(주)","입사전경험은무엇인지?"
"36","현대자동차(주)","전공을 어떻게 살리고 싶은지?"
"37","현대자동차(주)","해본 직무들은 어떤것이 있나요?"
"38","현대자동차(주)","현대자동차에대해 어떻게 생각하시나요?"
"39","현대자동차(주)","자동차란 무엇입니까?"
"40","현대자동차(주)","프로젝트 진행 중 고충 및 해결방안"
"41","현대자동차(주)","학점이 많이 낮은데 왜그런건지"
"42","현대자동차(주)","만일 떨어지면 다른데 지원할곳 있는지"
"43","국민건강보험공단","회사를 선택한 이유"
"44","국민건강보험공단","기억에 남았던 실습"
"45","국민건강보험공단","나의 장점"
"46","SK(주)","강약점"
"47","SK(주)","취미생활"
"48","SK(주)","어려운점 극복"
"49","LG전자(주)","경력사항과 퇴사이유"
"50","LG전자(주)","취미와 특기"
"51","LG전자(주)","자격증 관련 질문"
"52","LG전자(주)","간단한 자기소개 한번 해보세요."
"53","LG전자(주)","입사를 하게되면 2년 계약직으로 근무하는데 어떤 미래를 바라보고 근무 할건가요??"
"54","LG전자(주)","경력사항이 별로 없는데 이유가 있나요??"
"55","LG전자(주)","자격증 관련 용어 질문"
"56","LG전자(주)","자소서 기반한 질문"
"57","LG전자(주)","출근에 관련한 질문"
"58","기아(주)","그 전 회사는 왜 퇴사했어요?"
"59","기아(주)","비영리쪽 커리어는 생각을 안해봤어요?"
"60","기아(주)","왜 무인 택배가 상용화되려는 움직임이 있는 것 같아요?"
"61","기아(주)","성격 장단점 / 자소서기반 질문"
"62","기아(주)","10년후 입사후 포부 / 자소서기반 질문"
"63","기아(주)","성장과정/ 자소서기반 질문"
"64","기아(주)","이전 근무지에서 트러블은 없었나?"
"65","기아(주)","직무를 위해 준비한게 있나?"
"66","기아(주)","본인성격의 단점이 뭐라고생각하나?"
"67","한국전력공사","최근 한전 이슈는?"
"68","한국전력공사","어느 직무를 하고싶은지? 하고 싶은 직무 있는지?"
"69","한국전력공사","1분 자기소개"
"70","한국전력공사","지난 직장의 경력소개"
"71","한국전력공사","학교소개"
"72","한국전력공사","경력이 상이한데 어떻게 적응할지"
"73","(주)포스코","본인의 좌우명은?"
"74","(주)포스코","어느 위치까지 올라가고 싶은가?"
"75","(주)포스코","회사 지원동기"
"76","(주)포스코","경력에 대한 세부 질문"
"77","(주)포스코","실무에 대한 질문 (철골기준, 콘크리트 타설기준 등)"
"78","(주)포스코","이직사유"
"79","(주)포스코","이전 회사에서 퇴사한 사유"
"80","(주)포스코","통근 하는데 문제는 없는지?"
"81","(주)포스코","출근시간이 이른데 괜찮은지?"
"82","(주)포스코","관심있는 직무 분야는?"
"83","(주)포스코","공장이 포항에 있는데 지방 근무 자신 있는지?"
"84","(주)포스코","학교에서 재밌게 들었던 과목은?"
"85","(주)포스코","포스코 전망에 대해 어떻게 보는가?"
"86","(주)포스코","포스코 재무제표 어떤 것 같은지?"
"87","(주)포스코","지원동기"
"88","(주)포스코","상황질문"
"89","(주)포스코","자신의 강점"
"90","(주)포스코","자기소개서는 형식적인거고, 본인이 포스코케미칼에 들어오기위해 노력한 것은 어떠한 것이 있습니까?"
"91","(주)포스코","봉사활동 실적(260시간)이 많은데 봉사를 하게된 결정적 계기는?"
"92","(주)포스코","연고지가 없는 지역에서의 직장생활 어떻게 생각하시나요?"
"93","(주)포스코","마지막으로 하고싶은 말이 있나요?"
"94","(주)포스코","왜 탈산제를 알루미늄으로 만드는가?"
"95","(주)포스코","가장 잘 아는 원소 1가지에 대해 설명해보라"
"96","(주)포스코","고로와 전기로의 차이점은?"
"97","(주)포스코","자신에게 가장 맞는 색깔은?"
"98","(주)포스코","가장 존경하는 인물은?"
"99","(주)포스코","이전 경력사항에 대한 질문"
"100","(주)포스코","보유 기술"
"101","(주)포스코","이직 사유"
"102","(주)포스코","사무직과 현장직의 차이"
"103","(주)포스코","전기직무면접 RLC는 각각 무엇을 의미하는가?"
"104","(주)포스코","봉사활동을 많이한 이유"
"105","(주)포스코","교내외 수상이 많은 이유"
"106","(주)포스코","포스코를 지원하게 된 이유"
"107","(주)포스코","본인이 CEO라면 회사의 이윤을 어디에다 활용한 것인가?"
"108","(주)포스코","포스코 매출액"
"109","(주)포스코","IOT란?"
"110","(주)포스코","존경하는 인물 가족 선생님 제외 포스고 관련 제외"
"111","(주)포스코","다른 사람은 자격증 있는데 왜 자격증이 없어요?"
"112","(주)포스코","회사랑 관련없는 제작 대회나 참가했는데 이게 무슨 도움이 되죠?"
"113","(주)포스코","인터넷 댓글로 안 좋은 댓글 달아서 사람들 자살하고 그러잖아요? 인터넷 실명제와 익명제에 대해 찬반을 말하고 그 이유를 말하세요."
"114","(주)한화","학력 및 경력사항에 관한 질문"
"115","(주)한화","지원분야 업무에 대한 이해도"
"116","(주)한화","입사 후 포부"
"117","(주)한화","영어를 잘하는가?"
"118","(주)한화","화약에 대해 논해보시오"
"119","(주)한화","플랜트 시장에서 한국이 살아남으려면?"
"120","(주)한화","Why did you apply to this job?"
"121","(주)한화","왜 우리회사를 선탹하였는가?"
"122","(주)한화","지원한 업무가 무슨일인지 설명하시오."
"123","(주)한화","이직 사유"
"124","(주)한화","VCB와 ACB 차이점을 아는가"
"125","(주)한화","직장 생활에 있어 중요하다고 생각하는것은?"
"126","현대모비스(주)","근무지가 지방인데 와서 적응할 수 있는지"
"127","현대모비스(주)","상사가 부당한 지시를 하면 어떻게 할 것인가?"
"128","현대모비스(주)","JIS 시스템에 대해 들어본 적이 있는지"
"129","현대모비스(주)","팀원간의 갈등이나 불화를 겪었던 경험 여부와 해결 방법"
"130","현대모비스(주)","만약 최종합격된다면 먼저 연락할사람은 누구인가"
"131","현대모비스(주)","지원한 직무에대해서 얼마만큼 알고 있는지"
"132","현대모비스(주)","경력에 관련하여 상세질문"
"133","현대모비스(주)","해당직무에대해 알고있는지?"
"134","현대모비스(주)","입사 후 어떻게 업무를 처리해 나갈것인지"
"135","현대모비스(주)","일하면서 힘들고 짜증났을때 어떻게 대처하였는지"
"136","현대모비스(주)","본인의 성격이 내향적인지 외향적인지"
"137","현대모비스(주)","본인은 인내심있는 성격이라고 생각하는가? 예시를 들어보세요."
"138","현대모비스(주)","자기소개해주세요."
"139","현대모비스(주)","이전 회사퇴사 사유"
"140","현대모비스(주)","석사 학위 이후 계획"
"141","현대모비스(주)","사회생활 중 어려웠던 경험"
"142","현대모비스(주)","자신의 성격은?"
"143","현대모비스(주)","경력 사항은?"
"144","현대모비스(주)","구직기간 동안 무엇을 했는지?"
"145","현대모비스(주)","1분자기소개해보세요"
"146","현대모비스(주)","자소서 경력질문"
"147","현대모비스(주)","힘들엇던 경험 극복사례"
"148","SK이노베이션(주)","본인의 커리어 골은 무엇이며 어떤 역할을 기대하고 있습니까?"
"149","SK이노베이션(주)","본인이 생각하는 SK이노베이션의 비즈니스 측면에서의 SWOT 분석은?"
"150","SK이노베이션(주)","비즈니스 상황을 제시하며 이러한 경우 본인이 제시할 수 있는 솔루션은?"
"151","SK이노베이션(주)","1분 자기소개서"
"152","SK이노베이션(주)","지원동기"
"153","SK이노베이션(주)","지원기간 근무 및 환경"
"154","SK이노베이션(주)","박사과정은 생각안해봤는지?"
"155","SK이노베이션(주)","왜 우리회사에 오고싶은가?"
"156","SK이노베이션(주)","자소서 기반의 날카로운 질문들"
"157","에스케이하이닉스(주)","쉬는 날 어떻게 시간을 보내는가?"
"158","에스케이하이닉스(주)","나보다 나이가 어린 사람이 선임일 경우 어떨거 같은지?"
"159","에스케이하이닉스(주)","자신의 강점"
"160","삼성물산(주)","조경분야에서 경험한 것은 무엇인가?"
"161","삼성물산(주)","현장에서 동료들과 어떻게 함께 일을 할 것인가?"
"162","삼성물산(주)","혹서 또는 혹한에도 야외에서 일할 수 있는가?"
"163","삼성물산(주)","전 직장에서 제일 인상깊었던 일"
"164","삼성물산(주)","패션 트렌드를 어떻게 알아가고있는지"
"165","삼성물산(주)","지원동기"
"166","(주)LG화학","현재 회사도 좋은데 lg화학을 지원한 이유는?"
"167","(주)LG화학","자기소개 1분"
"168","(주)LG화학","자기 소개에서 말한 경력사항을 자세히 말해보세요"
"169","(주)LG화학","경력이 짧은데 왜 당신을 뽑아야하는지 이유를 말해보세요"
"170","(주)LG화학","오는 거리"
"171","(주)LG화학","단기로 할수 있는지"
"172","(주)LG화학","스캔업무 경험 있는지"
"173","(주)LG화학","자신의 미래의 종착지와 LG화학을 연관시켜 애기해보세요"
"174","(주)LG화학","자기 자신을 한가지 단어로 표현하고 이유를 말해보세요"
"175","(주)LG화학","자격증을 왜 많이 땄는지"
"176","(주)LG화학","자신이 딴 자격증은 LG화학에게 어떤 도움이 되는지"
"177","(주)LG화학","자신이 집과 먼 곳에서 근무하게 된다면 직무에 지장이 가지는 않는지"
"178","(주)LG화학","경력을 토대로한 자기소개"
"179","(주)LG화학","LG화학에서의 업무 계획"
"180","(주)LG화학","지원 동기"
"181","국민연금공단","보유 기술 질문"
"182","국민연금공단","해당 경험 질문"
"183","국민연금공단","대처능력"
"184","한국토지주택공사","지원동기"
"185","한국토지주택공사","팀원과 협력한 경험"
"186","한국토지주택공사","실패했던 경험"
"187","한국토지주택공사","인천지역이 어떻게 재생되면 좋을지, 본인의 역량이 어떻게 도움이 될지"
"188","한국토지주택공사","지원한 지역의 현재 도시재생 현황은?"
"189","한국토지주택공사","인턴십이 끝나도 계속해서 이 분야에서 일을 할 것인가"
"190","CJ제일제당(주)","생산에서 가장 중요한 것은?"
"191","CJ제일제당(주)","우리공장 제품은 뭐가 있나?"
"192","CJ제일제당(주)","나이어린 선배도 있을 수 있는데 어떤 마음가짐으로 일을 하겠는가?"
"193","CJ제일제당(주)","집이 어딘지, 어디서 왔는지(집 가까운 사람을 선호하는 분위기)"
"194","CJ제일제당(주)","우리 부서가 어떤 연구를 하는지 알고 있는지"
"195","CJ제일제당(주)","석사 때 했던 실험이 우리 직무와 비슷한데 모든 과정을 다 할 줄 아는지"
"196","CJ제일제당(주)","석사 때 논문들이 대부분 어떤 내용인지"
"197","CJ제일제당(주)","그 외 다뤘던 실험에 대한 자세한 꼬리질문들"
"198","CJ제일제당(주)","감압변과 안전밸브차이."
"199","CJ제일제당(주)","psm 운영 시 어려웠던점은?"
"200","CJ제일제당(주)","예전 회사와 식품 회사는 다른데 어떻게 관리할 생각인지"
"201","CJ제일제당(주)","식품영업이 무엇이라고 생각하는가?"
"202","CJ제일제당(주)","다른 회사에도 지원했는가?"
"203","CJ제일제당(주)","타인과 의견 충돌 시 어떻게 대처하는 스타일인가?"
"204","CJ제일제당(주)","경력사항 1분 소개"
"205","CJ제일제당(주)","자신의 성격"
"206","CJ제일제당(주)","평소 인간관계"
"207","CJ제일제당(주)","본인은 CJ제일제당에서 어떠한 인재가 될 수 있는가?"
"208","CJ제일제당(주)","식품 관련 일을 하기 위해 노력한 것은?"
"209","CJ제일제당(주)","지원 공장에 지원한 이유?"
"210","CJ제일제당(주)","CJ제일제당에 지원한 이유?"
"211","CJ제일제당(주)","가공식품이 건강에 미치는 영향?"
"212","CJ제일제당(주)","선배가 직무 수행에서 불법을 저질렀습니다. 어떻게 대처하시겠어요?"
"213","CJ제일제당(주)","본인은 열심히 살아왔다고 생각하세요?"
"214","CJ제일제당(주)","가장 기억에 남는 것이 무엇인가요?"
"215","CJ제일제당(주)","공압과 유압에 대해서 면접관에게 설명해주세요"
"216","CJ제일제당(주)","회사를 지원한 계기"
"217","CJ제일제당(주)","회사에서 힘든 일이 있을때 해결은 어떻게 하겠느냐"
"218","CJ제일제당(주)","석사 때 연구주제에 관한 질문"
"219","CJ제일제당(주)","석사 때 연구했던 것을 회사에서 어떻게 써먹을 수 있을지"
"220","CJ제일제당(주)","본인의 연구 주제에 대한 기여도"
"221","엘지디스플레이(주)","LG디스플레이만이 가지고 있는 제품은?"
"222","엘지디스플레이(주)","W-OLED에 대한 설명?"
"223","엘지디스플레이(주)","LG를 지원하게 된 이유?"
"224","엘지디스플레이(주)","회사에대해 아는게 무엇이 있나요"
"225","엘지디스플레이(주)","입사하여 하고싶은 업무는"
"226","엘지디스플레이(주)","왜 지원했나요"
"227","(주)케이티","지원동기"
"228","(주)케이티","본인의 직무관련 장점"
"229","(주)케이티","본인의 성격의 단점"
"230","(주)케이티","부모님과의 관계"
"231","(주)케이티","상사와 트러블시 태도"
"232","(주)케이티","회계학적 지식"
"233","(주)케이티","언어능력테스트"
"234","(주)케이티","회사에서 이루고 싶은 목적"
"235","(주)케이티","인생에서의 목적"
"236","(주)케이티","전공공부를 한 이유"
"237","(주)케이티","자기소개 및 지원동기"
"238","(주)케이티","회사에 대해 아는지"
"239","(주)케이티","경영쪽 직무가 잘 맞는지"
"240","(주)케이티","기존에 어떠한 직무를 하였는지"
"241","(주)케이티","본인이 이 직무를 선택한 이유"
"242","(주)케이티","본인이 선발 되어야 하는 이유"
"243","(주)케이티","경력이 어떻게 되나"
"244","(주)케이티","특허에 대해서 잘 아나?"
"245","(주)케이티","우리가 본인과에 맞지 않는 부분도 있는데 왜 지원했나?"
"246","(주)케이티","가장 재미있었던 대학 강의는?"
"247","(주)케이티","뉴딜정책에서의 kt의 구체적 역할은?"
"248","(주)케이티","ip 클라스 설명해보라"
"249","(주)케이티","자기소개를 해보세요"
"250","(주)케이티","본인 전공을 지원 직무에 응용할 방안에 대해 생각해본 것이 있나"
"251","(주)케이티","자소서에 oo내용을 지원 동기라고 적었는데, 좀 더 상세하게 설명해줄 수 있나"
"252","(주)케이티","도피성 지원이 보이는데 본인이 왜 해당 직무가 맞는지 면접관을 설득해 보세요."
"253","(주)케이티","거주지와 달라도 상관이 없나요?"
"254","(주)케이티","희망 연봉은 어떻게 되나요?"
"255","(주)케이티","타 회사에 있었는데 왜 여기로 이직 지원을 했나요?"
"256","(주)케이티","강사로서 하고 싶은 일은?"
"257","(주)케이티","통신업무에 대해 얼마나 알고 있는가?"
"258","(주)케이티","어떤 강의를 하고 싶은가?"
"259","(주)케이티","특허 관련해서 알고 있는 것"
"260","(주)케이티","우리 회사가 하는 일은"
"261","(주)케이티","입사후 어떻게 할 것인가"
"262","(주)신한은행","자기소개 30초 이내로 간단하게"
"263","(주)신한은행","2금융권과 1금융권의 차이점? 본인이 느낀 2금융권의 장단점?"
"264","(주)신한은행","(롤플레잉면접)근무중 취준생이 내방해 계속 질문을 한다면 어떻게 대처할 것인지?"
"265","(주)이마트","뭐하다가 왔나"
"266","(주)이마트","유통쪽 경험이 있나"
"267","(주)이마트","우리 회사중 방문한 곳과 느낀점"
"268","(주)이마트","자기소개"
"269","(주)이마트","이마트와 이마트 트레이더스에 차이점"
"270","(주)이마트","다른 유통업에 경험이 있다면 왜 이마트로 지원을 하였는지"
"271","(주)이마트","대체적으로 다른 곳에서 일해보았는데 유통이나 영업부분이라면 그것에대하여 질문한다."
"272","(주)이마트","원하는 곳에 배치 되어지지 않았을 때 어떻게 할 것인가"
"273","(주)이마트","어렸을 때 부터 지금까지 이룬 것."
"274","(주)이마트","이마트가 다른 대형마트보다 앞서 나갈 수 있었던 이유"
"275","(주)이마트","앞으로 이마트에 방향"
"276","(주)이마트","요새 대형마트들이 다 무너지고 있는 실정에서 어떻게 극복할 것인가"
"277","(주)이마트","이번 채용전 이마트에브리데이를 방문한 경험이 있는가?"
"278","(주)이마트","육체적으로 힘들수 있다. 잘버틸수있는가?"
"279","(주)이마트","자기소개서 항목중 1~2개 항목 질문"
"280","(주)이마트","간략한 자기소개"
"281","(주)이마트","지원하는 업종에서 우리 회사가 다른 회사와의 차별점은?"
"282","(주)이마트","업무에서 가장 중요하다고 생각되는 요소는 무엇인가"
"283","삼성화재","자기소개, 직무내용, 지원동기"
"284","삼성화재","스트레스 해소 방법"
"285","삼성화재","마지막으로 하고 싶은 말"
"286","삼성화재","경력사항에 대한 상세한 질문과 퇴사사유"
"287","삼성화재","스트레스 관리"
"288","삼성화재","어떤업무인지 알고 지원했는가"
"289","삼성화재","삼성화재 텔러가 어떤 업무 하는지 아는가?"
"290","삼성화재","우리 회사를 지원하게 된 이유"
"291","삼성화재","전에 다니던 회사는 어떤회사인가?"
"292","삼성화재","보험이 왜 필요하다고 생각하는가?"
"293","삼성화재","행복은 무엇이라고 생각하는가?"
"294","삼성화재","스트레스 해소법은?"
"295","삼성화재","회사에 지원한 이유"
"296","삼성화재","전 회사 퇴사 사유들 질문"
"297","삼성화재","야근이 발생해도 괜찮은가"
"298","삼성생명보험(주)","다른 회사 어디 썼나"
"299","삼성생명보험(주)","회사를 선택한 이유"
"300","삼성생명보험(주)","산업에 대한 이해"
"301","삼성생명보험(주)","나의 가치관은?"
"302","삼성생명보험(주)","전 직장 퇴사시 퇴사이유?"
"303","삼성생명보험(주)","회사 지원동기는?"
"304","현대제철(주)","현대제철을 모르는 사람에게 현대제철을 소개한다면?"
"305","현대제철(주)","지원동기는?"
"306","현대제철(주)","일을 잘하는 것과 열심히 하는 것 중 더 중요한 것은?"
"307","현대제철(주)","가장 많이 사용하는 엑셀 함수는?"
"308","현대제철(주)","경력과 다른 직무일 경우, 경력과 다른 직무인데 지원하게 된 이유는?"
"309","현대제철(주)","지원자분을 뽑아야되는 이유는?"
"310","현대제철(주)","자기소개 필수"
"311","현대제철(주)","일이 힘들때 어떻게 대처하는지"
"312","현대제철(주)","출퇴근 관련 질문"
"313","현대제철(주)","어떤일을 해왔는가 ?"
"314","현대제철(주)","우리회사장점은?"
"315","현대제철(주)","우리회사의 신제품이 뭐있는가?"
"316","현대제철(주)","자기소개"
"317","현대제철(주)","경력직무 상세질문"
"318","현대제철(주)","마지막 한마디"
"319","현대제철(주)","자기소개"
"320","현대제철(주)","지원동기"
"321","현대제철(주)","직무경험"
"322","중소기업은행","은행에 지원하게 된 계기?"
"323","중소기업은행","기업은행 지점에 방문해본 경험?"
"324","중소기업은행","이력서 기반 경험면접"
"325","현대건설(주)","일의 가치는 무엇이라 생각하는가?"
"326","현대건설(주)","본인의 전공외에 플랜트 다른 분야에 대해서 아는 지식이 있는가?"
"327","현대건설(주)","철손에 대해서 설명하시오."
"328","현대건설(주)","어디사느냐"
"329","현대건설(주)","경험있느냐"
"330","현대건설(주)","나이"
"331","현대건설(주)","이직하려는 사유는?"
"332","현대건설(주)","지금까지의 경력에 대해 간단하게 소개 후 현재 맡고 있는 업무 설명."
"333","현대건설(주)","현재 하고 있는 업무 외에 다른 업무 수행도 가능한가?"
"334","현대글로비스(주)","회사에 대해 얼마나 아는지"
"335","현대글로비스(주)","정산업무에 대해 얼마나 아는지"
"336","현대글로비스(주)","본인의 강점은"
"337","롯데쇼핑(주)","실 업무내용 물어봄"
"338","롯데쇼핑(주)","복지"
"339","롯데쇼핑(주)","복지"
"340","두산중공업(주)","경력 마지막근무지"
"341","두산중공업(주)","Erp사용기능여부"
"342","두산중공업(주)","엑셀 사용여부"
"343","두산중공업(주)","회사에 지원하게된 이유"
"344","두산중공업(주)","하게될 일이 생각보다 단조로울수 있는데 괜찮은지"
"345","두산중공업(주)","영어는 잘 하는지"
"346","현대해상화재보험(주)","성적관리는 어떻게 했는지?"
"347","현대해상화재보험(주)","여러명의 선배들이 동시에 일 시키는데 다 급하다 하면 누구꺼 먼저 처리할건지?"
"348","현대해상화재보험(주)","신입사원으로서 선배들과 친해지기위해 어떻게 행동할건지?"
"349","현대해상화재보험(주)","나이가 너무 어린데, 근무 잘 하실수 있으세요?"
"350","현대해상화재보험(주)","어디에 사세요?"
"351","현대해상화재보험(주)","회사경력있으신가요?"
"352","DB손해보험(주)","사는지역?"
"353","DB손해보험(주)","가족?"
"354","DB손해보험(주)","성격은?"
"355","DB손해보험(주)","회사에 지원하게된 동기"
"356","DB손해보험(주)","자기자신에 대한 평가"
"357","DB손해보험(주)","자기가 이회사에 필요하다생각하는 이유는"
"358","DB손해보험(주)","성격의 장단점"
"359","DB손해보험(주)","회사의 홈페이지중 가장 기억에 남는 것"
"360","DB손해보험(주)","개개인의 활동 내용"
"361","(주)LG유플러스","특이한 경력사항이 있는데 왜 자사에 지원했는지"
"362","(주)LG유플러스","일이 힘든데 괜찮은지"
"363","(주)LG유플러스","회사를 선택한 이유"
"364","(주)LG유플러스","Ex) 경력사항에 대한 상세한 질문"
"365","(주)LG유플러스","Ex) 엑셀 사용 능력"
"366","(주)LG유플러스","Ex) 근무 가능 기간"
"367","삼성SDI(주)","자기소개해보세요"
"368","삼성SDI(주)","영어로 이야기해보세요"
"369","삼성SDI(주)","어떤 일을 하고싶어요"
"370","삼성SDI(주)","회사를 선택한 이유?"
"371","삼성SDI(주)","스트레스 해소법?"
"372","삼성SDI(주)","기업의 사회적 역할이 무엇?"
"373","한화생명보험(주)","결혼유무"
"374","한화생명보험(주)","왜 나를 불렀을까? 하고 역으로 물어봄"
"375","한화생명보험(주)","만족하는 연봉"
"376","한화생명보험(주)","무슨일을 했는가?"
"377","한화생명보험(주)","연봉은 얼마를 받았었는가?"
"378","한화생명보험(주)","도전정신이 있는가?"
"379","한화생명보험(주)","경력사항"
"380","한화생명보험(주)","강점"
"381","한화생명보험(주)","평균급여"
"382","한국도로공사","지원동기"
"383","한국도로공사","최근 즐거웠던 일"
"384","한국도로공사","자신을 한문장으로 표현하는 좌우명"
"385","엘지이노텍(주)","어디사냐?"
"386","엘지이노텍(주)","교대근무 가능하냐?"
"387","엘지이노텍(주)","기숙사필요하냐??"
"388","엘지이노텍(주)","어학점수 이외에 해외경험 있나?"
"389","엘지이노텍(주)","해외에서 불편했던 점은?"
"390","엘지이노텍(주)","근무지에 적응할 수 있겠나?"
"391","엘지이노텍(주)","입사지원 동기"
"392","엘지이노텍(주)","전직에서의 업무"
"393","엘지이노텍(주)","3조 2교대 근무 가능여부"
"394","엘지이노텍(주)","재직 가능 기간"
"395","엘지이노텍(주)","향후계획"
"396","(주)지에스리테일","자기 소개"
"397","(주)지에스리테일","지원 동기"
"398","(주)지에스리테일","이전 직장의 주 업무"
"399","(주)지에스리테일","본인이 맡게 될 직무에 대하여 어느 정도의 이해도가 있는가?"
"400","(주)지에스리테일","입사 후 어떠한 기여를 할 수 있는지"
"401","(주)지에스리테일","고객님이 원하는 상품이 결품이 되었을때 어떻게 대처를 할것인가?"
"402","(주)지에스리테일","여러가지 유통회사가 있는데 왜 GS인가?"
"403","(주)지에스리테일","지금 까지 일을 해오면서 성공 실패 사례"
"404","삼성전기(주)","교대근무를 해봤는지 어떻게 생각하는지"
"405","삼성전기(주)","회사의 장단점 그리고 선택한 이유"
"406","삼성전기(주)","자기소개1분과 마지막 한마디"
"407","삼성전기(주)","교대근무 할 수 있는가?"
"408","삼성전기(주)","체력관리 어떻게 하는가?"
"409","삼성전기(주)","친구랑 만나면 무엇을 하며 노는가?"
"410","삼성전기(주)","살면서 가장 기뻣던점"
"411","삼성전기(주)","살면서 가장 힘들었던점"
"412","삼성전기(주)","힘들었을때 극복과정"
"413","삼성전기(주)","이전 직장에서 방진복을 착용하고 근무했나?"
"414","삼성전기(주)","성적이 좋은데 학업을 마치고 더 좋은 곳으로 가지 않고 여기 온 이유?"
"415","삼성전기(주)","면접자보다 어린 친구들이 선배인데 적응이 가능하겠나?"
"416","(주)대우건설","갈등상황에서 어떻게 해결했는지, 어떻게 리더십을 발휘했는지 경험"
"417","(주)대우건설","본인에 대한 주위의 평가"
"418","(주)대우건설","가장 인상적이였던 박람회부스(박람회 갔었다는 대답에대한 질문)"
"419","(주)대우건설","학업 이외에 열정적으로 임했던 경험"
"420","(주)대우건설","이 직무에 지원한 이유"
"421","(주)대우건설","회사나 직무 관련 사회경험이 있는지"
"422","(주)LG생활건강","백회점에서 일해 본 적 있나요?"
"423","(주)LG생활건강","우리 회사를 선택한 이유는?"
"424","(주)LG생활건강","lg브랜드 화장품 중에 얼마나 아나요?"
"425","(주)포스코건설","본인의 좌우명은?"
"426","(주)포스코건설","어느 위치까지 올라가고 싶은가?"
"427","(주)포스코건설","회사 지원동기"
"428","(주)포스코건설","이전 회사에서 퇴사한 사유"
"429","(주)포스코건설","통근 하는데 문제는 없는지?"
"430","(주)포스코건설","출근시간이 이른데 괜찮은지?"
"431","(주)대한항공","좋은 서비스를 하기 위한 승무원으로써의 자질은?"
"432","(주)대한항공","우리 회사의 단점과 개선방법"
"433","(주)대한항공","자신이 뽑혀야 한다고 생각하는것 한문장으로?"
"434","(주)대한항공","경력에 대한 질문들"
"435","(주)대한항공","어떤 비전을 가지고 있는지"
"436","(주)대한항공","대한항공에 대한 생각들"
"437","(주)대한항공","남들보다 이것만큼은 자신있다 하는것"
"438","(주)대한항공","살면서 힘들었던 경험"
"439","(주)대한항공","자기소개"
"440","(주)대한항공","서비스란 무엇인가?"
"441","(주)대한항공","해당 직종을 위해 노력한 것은 무엇인가?"
"442","(주)대한항공","기내 상황 롤플레이"
"443","(주)대한항공","대한항공에 관심을 가지게 된 계기는?"
"444","(주)대한항공","입사 후 하고 싶은 일"
"445","(주)대한항공","입사를 하기 위해 노력한 점"
"446","(주)대한항공","자신의 강점"
"447","(주)대한항공","이전 직장에서 무슨일을 했는지"
"448","(주)대한항공","승무원이 되고싶은 이유"
"449","현대엔지니어링(주)","우리 회사에 대해서 얼마나 아는지?"
"450","현대엔지니어링(주)","테라타워가 무슨 브랜드인지 아는지?"
"451","현대엔지니어링(주)","맡은 직무가 하는 일이 뭔지 아는지?"
"452","현대엔지니어링(주)","이전 회사에서는 어떤 업종의 회사이며, 어떤 일을 하였급니까?"
"453","현대엔지니어링(주)","당신의 인간관계는 어떻다고 생각하십니까?"
"454","현대엔지니어링(주)","해야 할 일과 하고 싶은 일 중 어떤 것을 선택하겠습니까?"
"455","현대엔지니어링(주)","지원한 업무에 대해 얼마나 알고있는지 질문"
"456","현대엔지니어링(주)","현대 소속이지만 파견 업무라 힘들다는것을 강조하며 할수있는지 질문"
"457","현대엔지니어링(주)","그전에 다녔던 회사에 대해 어떤일을 하고 어떤회사인지에 대한 질문"
"458","현대엔지니어링(주)","전기시공 관리 에서 발주처 대응에 대한 질문"
"459","현대엔지니어링(주)","인지도 면 에서 좋다"
"460","현대엔지니어링(주)","연봉이 높다"
"461","현대엔지니어링(주)","TWA 값에 대해 알고있는 물질 이야기해보세요"
"462","현대엔지니어링(주)","현대엔지니어링에 대해 알고 있는 것을 말해주세요"
"463","현대엔지니어링(주)","이전회사의 퇴사사유는?"
"464","현대엔지니어링(주)","대기업을 그만둔 이유"
"465","현대엔지니어링(주)","자신만이 가지고 있는 핵심역량"
"466","현대엔지니어링(주)","회사 입사 후 포부"
"467","대우조선해양(주)","2년제 비서과와 4년제 비서과의 차이점"
"468","대우조선해양(주)","비서자격증이 무엇인지 설명해라"
"469","대우조선해양(주)","회사에 대해 알고 있나"
"470","(주)동원엔터프라이즈","프로젝트 진행 시 담당했던 역할과 개발한 기능은?"
"471","(주)동원엔터프라이즈","프로젝트 진행하면서 발생했던 문제점은?"
"472","(주)동원엔터프라이즈","취업 외에 관심있는 것이 있다면?"
"473","삼성중공업(주)","직무설명"
"474","삼성중공업(주)","최근 했던 직무 설명"
"475","삼성중공업(주)","직무 경험시 문제였던 점"
"476","(주)LG","현재 회사도 좋은데 lg화학을 지원한 이유는?"
"477","(주)LG","자기소개 1분"
"478","(주)LG","자기 소개에서 말한 경력사항을 자세히 말해보세요"
"479","(주)LG","경력이 짧은데 왜 당신을 뽑아야하는지 이유를 말해보세요"
"480","(주)LG","오는 거리"
"481","(주)LG","단기로 할수 있는지"
"482","(주)LG","스캔업무 경험 있는지"
"483","(주)LG","백회점에서 일해 본 적 있나요?"
"484","(주)LG","우리 회사를 선택한 이유는?"
"485","(주)LG","lg브랜드 화장품 중에 얼마나 아나요?"
"486","(주)LG","특이한 경력사항이 있는데 왜 자사에 지원했는지"
"487","(주)LG","일이 힘든데 괜찮은지"
"488","(주)LG","회사를 선택한 이유"
"489","(주)LG","Ex) 경력사항에 대한 상세한 질문"
"490","(주)LG","Ex) 엑셀 사용 능력"
"491","(주)LG","Ex) 근무 가능 기간"
"492","(주)LG","자신의 미래의 종착지와 LG화학을 연관시켜 애기해보세요"
"493","(주)LG","자기 자신을 한가지 단어로 표현하고 이유를 말해보세요"
"494","(주)LG","자격증을 왜 많이 땄는지"
"495","(주)LG","자신이 딴 자격증은 LG화학에게 어떤 도움이 되는지"
"496","(주)LG","자신이 집과 먼 곳에서 근무하게 된다면 직무에 지장이 가지는 않는지"
"497","(주)LG","경력을 토대로한 자기소개"
"498","(주)LG","LG화학에서의 업무 계획"
"499","(주)LG","지원 동기"
"500","현대위아(주)","경력 사항에 대한 상세한 질문"
"501","현대위아(주)","이직 사유"
"502","현대위아(주)","근무지(평택, 서산)에 대한 본인의 견해"
"503","현대위아(주)","성격장단점"
"504","현대위아(주)","자기소개1분"
"505","현대위아(주)","뜬금없는질문1개"
"506","에이치엠엠(주)","경력 사항에 대한 질문 (다니던 회사에서 어떤 업무)"
"507","에이치엠엠(주)","영문 이메일 작성 가능 여부"
"508","에이치엠엠(주)","평소 업무 처리 스타일 (빠르게/정확하지만 천천히/선배들과 상의하여 등)"
"509","에이치엠엠(주)","자바 개발 경력이 있나요?"
"510","에이치엠엠(주)","현대상선이 어떤 회사 인지 아나요?"
"511","에이치엠엠(주)","오라클 실력이 어떻게 되나요?"
"512","에이치엠엠(주)","본인이 가지고 있는 경력을 현대상선에서 어떻게 성과를 낼 수 있나요?"
"513","에이치엠엠(주)","자금 조달 업무 관련하여 유사 혹은 동일 업무를 경험한 적이 있는가?"
"514","에이치엠엠(주)","계약직으로 근무한 회사에서 이직한 사유는 무엇인가?"
"515","에이치엠엠(주)","현재 회사 업무 중에서 가장 벅찼던 업무는 어떤것인지?"
"516","에이치엠엠(주)","주량, 학창시절 성적 관련 개인 질문"
"517","(주)만도","경력 사항에 대한 상세질문"
"518","(주)만도","회사 제품에 대한 설명과 제품을 어떤 방식으로 설계 할 수 있는가"
"519","(주)만도","방금 한 질문에 대한 대답을 영어로 해 주세요."
"520","(주)만도","취미와 가족사항, 가족들은 뭐하는지? 주말에 뭐하고 지내는지"
"521","(주)케이티앤지","자기소개를 해보세요"
"522","(주)케이티앤지","본인 전공을 지원 직무에 응용할 방안에 대해 생각해본 것이 있나"
"523","(주)케이티앤지","자소서에 oo내용을 지원 동기라고 적었는데, 좀 더 상세하게 설명해줄 수 있나"
"524","(주)케이씨씨","경력사항"
"525","(주)케이씨씨","지원을하게된이유"
"526","(주)케이씨씨","입사후포부"
"527","(주)케이씨씨","1분자기소개"
"528","(주)케이씨씨","취미,특기"
"529","(주)케이씨씨","자신의 장단점"
"530","(주)케이씨씨","15년 후 자신의 모습"
"531","(주)케이씨씨","자신의 별명은?"
"532","(주)케이씨씨","마지막으로 할 말"
"533","금호석유화학(주)","회사에 대해 알고 있는가?"
"534","금호석유화학(주)","취미생활 중 (책) 어떤 걸 하였는가?"
"535","금호석유화학(주)","쉬는 기간동안 뭐했는지"
"536","(주)신세계","본인에 대해서 경력위주로 소개해보시오."
"537","(주)신세계","소비자 입장으로서 스타필드의 장단점은?"
"538","(주)신세계","전회사와 신세계프라퍼티의 차이점은?"
"539","(주)신세계","지원하게 된 이유"
"540","(주)신세계","평소 우리 브랜드에 대한 관심이 있는지"
"541","(주)신세계","우리 회사의 경쟁사는?"
"542","(주)신세계","근무조건"
"543","(주)신세계","품질관리선택이유"
"544","(주)신세계","없습니다"
"545","(주)신세계","회사 외식 브랜드에서 일을 하거나 소비자가 된 적이 있나"
"546","(주)신세계","이 일과 비슷한 직무를 경험해 본 적 있나"
"547","(주)신세계","자신만의 장점을 얘기할 수 있나"
"548","(주)신세계","베이커리의 일을 하지 않았던 이유는?"
"549","(주)신세계","베이커리에서 일하는 선배들의 조언?"
"550","(주)신세계","자신의 비전에 대하 말해라"
"551","(주)신세계","해당라인에 품질관리자라면 어떻게운영할지?"
"552","(주)신세계","할랄 해보았는지어떤점이 어려운지?"
"553","(주)신세계","haacp의 맹점?"
"554","(주)신세계","1분자기소개 및 퇴사이유?"
"555","(주)신세계","생산관리 직무를 수행함에 있어 개선내용"
"556","(주)신세계","재직했었던 회사의 생산환경과 프로레스, 도급운영방식"
"557","(주)신세계","왜 굳이 동일업종으로 지원했는지?"
"558","(주)다우기술","자기소개"
"559","(주)다우기술","직무관련 알고있는 내용 질문"
"560","(주)다우기술","장단점"
"561","(주)다우기술","실패했던 경험"
"562","(주)이랜드월드","자기소개"
"563","(주)이랜드월드","우리 회사의 강점은?"
"564","(주)이랜드월드","이전 직장 퇴사 사유"
"565","(주)이랜드월드","경력 사항에 대한 질문"
"566","(주)이랜드월드","자기소개"
"567","(주)이랜드월드","우리 회사의 강점은?"
"568","(주)이랜드월드","경력 사항에 대한 질문"
"569","(주)이랜드월드","이전 직장 퇴사 사유"
"570","(주)이랜드월드","궁금한 점 있는지..."
"571","(주)이랜드월드","EBG를 통해서 이룬 성과"
"572","(주)이랜드월드","여러 업무를 경험가능"
"573","(주)이랜드월드","옷을 좋아해서"
"574","(주)이랜드월드","지원하게된 계기"
"575","(주)이랜드월드","다른브랜드와 다른점은"
"576","(주)이랜드월드","클레임이 들어왔을때 대처방법"
"577","(주)아모레퍼시픽","제출한 포토폴리오 작업시간 얼마나 걸렸나요?"
"578","(주)아모레퍼시픽","이정도 작업물은 시간이 얼마나 걸리나요?"
"579","(주)아모레퍼시픽","하고싶은 말은?"
"580","(주)아모레퍼시픽","지원하게 된 이유"
"581","(주)아모레퍼시픽","평소 우리 브랜드에 대한 관심이 있는지"
"582","(주)아모레퍼시픽","우리 회사의 경쟁사는?"
"583","한국중부발전","팀워크에서 중요한것은?"
"584","한국중부발전","회사에 대해 아는점은?"
"585","한국중부발전","어떤 업무를 맡고싶은지?"
"586","(주)파리크라상","업무 경력"
"587","(주)파리크라상","지원동기"
"588","(주)파리크라상","근무시간과 인간관계"
"589","(주)카카오","기존하던 업무와 다른 업무로 지원한 이유?"
"590","(주)카카오","기존 퇴사사유를 보니 워라밸을 중시하는거 같은데?"
"591","(주)카카오","업무관련 갈등이 발생했을때 어떻게 해결할지?"
"592","(주)카카오","관련경력 및 프로젝트에 대해 문의"
"593","(주)카카오","현재 카카오의 캐릭터/콘텐츠와 콜라보레이션하면 어울릴 브랜드"
"594","(주)카카오","본인보다 나이가 적은 동료나 상사와 일해본적 있는지(불펴한점이 없을지)"
"595","롯데하이마트(주)","자기소개서"
"596","롯데하이마트(주)","어느 부서로 가고싶은가"
"597","롯데하이마트(주)","반복되는 업무 괜찮은가"
"598","롯데하이마트(주)","전 직장에서는 왜 그만두었나"
"599","롯데하이마트(주)","전 직장에서 어떤일을 했었나"
"600","롯데하이마트(주)","유럽은 얼마동안 다녀온건가"
"601","롯데하이마트(주)","자신의 장점 어필"
"602","롯데하이마트(주)","이전 업무와 괴리감이 느껴지면 어떻게 극복하겠습니까"
"603","롯데하이마트(주)","하이마트에 대해 말해보시오"
"604","롯데하이마트(주)","이직이유"
"605","롯데하이마트(주)","우리 회사에 지원한 이유는?"
"606","롯데하이마트(주)","취미생활이 뭔가요?"
"607","롯데하이마트(주)","알바경력 있어요?"
"608","롯데하이마트(주)","동종업계 경력"
"609","롯데하이마트(주)","회사에 방문해 본적이 있는지"
"610","롯데하이마트(주)","마지막 할말"
"611","롯데하이마트(주)","스트레스 해소법"
"612","롯데하이마트(주)","아르바이트 경험 유무"
"613","롯데하이마트(주)","회사에 지원하게 된 이유"
"614","롯데하이마트(주)","하이마트 매장에 개선되어야 할 점"
"615","롯데하이마트(주)","자신의 인생에서 목표를 이루었던 점"
"616","코오롱인더스트리(주)","경력 사항에 대한 자세한 질문"
"617","코오롱인더스트리(주)","전공에 관련된 질문"
"618","코오롱인더스트리(주)","회사에 궁금한 점"
"619","코오롱인더스트리(주)","마곡 집값비싼데 괜찮겠느냐??"
"620","코오롱인더스트리(주)","실제로 그 제품은 얼마나 사용되는가?"
"621","코오롱인더스트리(주)","기타 제 경력발표중 궁금한것 질문"
"622","한국주택금융공사","경력에 관한 사항"
"623","한국주택금융공사","한국주택 금융공사에 대한 이미지"
"624","한국주택금융공사","회사 지원 동기"
"625","비엠더블유코리아","성형외과를 근무했다고 되어있던데 강성 컴플레인의 구체적 예시와 답변을 어떻게 했었는지 말씀해주세요."
"626","비엠더블유코리아","BMW에 지원하게된 입사 동기를 이야기해보세요."
"627","비엠더블유코리아","어머니께서 BMW차량을 소유하고 계시다고 했는데 차종을 이야기해보세요."
"628","비엠더블유코리아","기어 옆에 동그란게 있죠?"
"629","비엠더블유코리아","그것의 이름은 어떻게 되나요?"
"630","비엠더블유코리아","1,3,5,7 그리고 2,4,6,8 등 이름이 많은데 그것의 분류는 어떻게 되는지 알고 계시나요?"
"631","코오롱글로벌(주)","우리회사에 대하여"
"632","코오롱글로벌(주)","나에 대하여"
"633","코오롱글로벌(주)","나의 힘든시기"
"634","아시아나항공(주)","앞으로 트렌드 설명"
"635","아시아나항공(주)","본인이 말한 트렌드 영어로 외국인에게 설명해보아라"
"636","아시아나항공(주)","책과 영화 중 선호하는것은? 이유"
"637","키움증권(주)","회사 선택 기준은?"
"638","키움증권(주)","가장 힘들었던 것은?"
"639","키움증권(주)","회사 입사 후 비전은?"
"640","신한카드(주)","이전에 어디서 일했나요"
"641","신한카드(주)","어디사나요? 버스로 얼마나 걸려요?"
"642","신한카드(주)","얼마 받고 싶나요"
"643","한국수자원공사","지원이유"
"644","한국수자원공사","최신화 사업이 무었인지 아느냐"
"645","한국수자원공사","관련 전문 단어에 대한 질문"
"646","(주)지오영","경력사항"
"647","(주)지오영","성격의 단점"
"648","(주)지오영","회사를 선택한 이유"
"649","(주)지오영","경력사항에 대한 질문"
"650","(주)지오영","지원동기 및 미래 포부"
"651","(주)지오영","사회경험에 대해서 .."
"652","(주)엔엑스씨","지원동기 및 전반적인 학교생활(학과의 특성, 전공 수업 등)"
"653","(주)엔엑스씨","경험 관련(실패한 경험 등)"
"654","(주)엔엑스씨","상황에 따른 토론 / 직무 관련 내용 질문"
"655","KG케미칼(주)","울산으로 오게된 이유?"
"656","KG케미칼(주)","어떠한 업무를 해야하는데 할수있을지?"
"657","KG케미칼(주)","우리회사에 지원하게 된 동기"
"658","KG케미칼(주)","공장의 외관에 대해 느낀점을 말해보세요."
"659","KG케미칼(주)","우리 회사의 사업 품목에 대해 알고있습니까? 알고있다면 말해보세요"
"660","KG케미칼(주)","생산직 직원들과 많이 부딪힐예정인데 어떻게 하시겠습니까?"
"661","KG케미칼(주)","kg의 뜻"
"662","KG케미칼(주)","우리 회사에 도움이 될 수 있는 일"
"663","KG케미칼(주)","마지막으로 하고 싶은 말"
"664","한국서부발전","한국서부발전의 어떤점이 좋아 지원했는가?"
"665","한국서부발전","직무에 관한 자기역량 어필"
"666","한국서부발전","업무를 해본 경험과 어떤 노력을 했는지"
"667","(주)한화건설","Why did you apply to this job?"
"668","(주)한화건설","왜 우리회사를 선탹하였는가?"
"669","(주)한화건설","지원한 업무가 무슨일인지 설명하시오."
"670","소상공인시장진흥공단","1분 자기소개"
"671","소상공인시장진흥공단","본인이 한 창의적인 행동"
"672","소상공인시장진흥공단","합격한다면 어떤 부서에 가고 싶은지"
"673","소상공인시장진흥공단","공공기관이 갖춰야 할 덕목?"
"674","소상공인시장진흥공단","일경험"
"675","소상공인시장진흥공단","단기근무가능"
"676","소상공인시장진흥공단","누구나 할수 있다."
"677","삼성카드(주)","집과 거리가 먼데 다니는데 문제가 있지 않을까요?"
"678","삼성카드(주)","이전 회사를 그만 둔 이유가 무엇인가요?"
"679","삼성카드(주)","조용해 보이는데 사람을 많이 상대하는 부서인데 괜찮겠어요?"
"680","(주)씨제이이엔엠","편집 경험은 있는지"
"681","(주)씨제이이엔엠","요즘 유행하는 밈 아는 게 있는지"
"682","(주)씨제이이엔엠","얼마 정도 일을 할 수 있는지"
"683","(주)씨제이이엔엠","평소 공연을 얼마나 보시는지?"
"684","(주)씨제이이엔엠","집콘을 기획하신다면 어떻게 하실건지?"
"685","(주)씨제이이엔엠","코로나가 장기화 된다면 어떻게 하실건지?"
"686","(주)씨제이이엔엠","회계 관련 경험이 있는지?"
"687","(주)씨제이이엔엠","공연기획을 해본다면 어떤 소재로 하고 싶은지?"
"688","(주)씨제이이엔엠","포스트 코로나에 공연 부문이 나아가야 할 방향성"
"689","(주)농협하나로유통","종전근무지 업무는 ? 퇴사사유"
"690","(주)농협하나로유통","화사에 지원동기와 기업에 대한 이해도 (알바경험얘기함)"
"691","(주)농협하나로유통","강의 경험 (횟수및 교육인원) 운전가능여부"
"692","(주)현대그린푸드","전에일하던곳에서는 어떠한일을하엿는가"
"693","(주)현대그린푸드","자신이 겪어본 경험"
"694","(주)현대그린푸드","자신에대한 예기를 많이꺼낼수있게 유도질문"
"695","(주)현대그린푸드","경력사항 전직장에서 했었던 일"
"696","(주)현대그린푸드","최근에 업계관련이슈"
"697","(주)현대그린푸드","보유역량"
"698","(주)현대그린푸드","지원동기"
"699","(주)현대그린푸드","협력업체 다닌 곳과 어떤 업무를 했는지"
"700","(주)현대그린푸드","회사를 선택한 이유"
"701","(주)현대그린푸드","생산관리에서 제일 중요한점은?"
"702","(주)현대그린푸드","재직했었던 회사의 식품군과 다뤘던 제품수?"
"703","(주)현대그린푸드","재직했었던 회사의 노무비율과 원부재료비율?"
"704","(주)현대그린푸드","생산관리에서 주업무? 출근하자마자 하는일 나열해보시오"
"705","(주)현대그린푸드","왜 자격증이 없냐"
"706","(주)현대그린푸드","현대그린푸드에 대한 대외적 이미지"
"707","(주)현대그린푸드","회사 지원동기"
"708","코웨이(주)","가장 힘들었던 경험은?"
"709","코웨이(주)","1분 자기소개"
"710","코웨이(주)","코웨이 지원동기"
"711","코웨이(주)","디지털 트랜스포메이션에서 업무에 적용하면 좋을만한 기술은?"
"712","코웨이(주)","적용하면 어떤식으로 적용할지?"
"713","코웨이(주)","해당 기술에 어떠한 지식을 갖고 있는지"
"714","코웨이(주)","경력 사항에 대한 질문?"
"715","코웨이(주)","업무에 대해 궁금한게 있는지?"
"716","코웨이(주)","우리 회사가 면접자를 택해야 하는 이유?"
"717","코웨이(주)","대기 중 보여드렸던 영상 중 감격 깊은 장면은?"
"718","코웨이(주)","우리 회사의 강점은?"
"719","코웨이(주)","회사를 선택한 이유"
"720","(주)호텔신라","자기소개"
"721","(주)호텔신라","이력서 보시고 전에 일 할 때 어떤 일을 하였는지"
"722","(주)호텔신라","꽃 관련 질문( 계절별 꽃 1개씩 말하기등등)"
"723","(주)호텔신라","경력사항에 관한질문"
"724","(주)호텔신라","서비스의 대한 자신만의 신념이 있나"
"725","(주)호텔신라","정직원이 되기위한 노력"
"726","(주)호텔신라","어떻게 지원하게 되었는지?"
"727","(주)호텔신라","전 직장에서는 어떤 직무를 수행하였는지?"
"728","(주)호텔신라","입사하게 된다면 직무를 잘 수행할거라 생각하는지?"
"729","(주)호텔신라","한글로 자기소개"
"730","(주)호텔신라","호텔에 대해서 사전조사 했는지"
"731","(주)호텔신라","햇빛알러지 있는지"
"732","(주)호텔신라","제일 힘들게 일한게 어떤 상황이었는지"
"733","(주)호텔신라","호텔 경력이 긴데 어떻게 버텼는지"
"734","(주)호텔신라","그렇다면 그 호텔에서 뭘 배웠는지"
"735","(주)호텔신라","자기소개 및 장단점"
"736","(주)호텔신라","경력관련"
"737","(주)호텔신라","원하는 부서"
"738","(주)호텔신라","과가 프랑스어과인데 왜 서비스를 하려고 하는지"
"739","(주)호텔신라","서비스직 경험이 있는지"
"740","(주)호텔신라","기본적인 경험 질문"
"741","(주)호텔신라","냉동사이클의 구성을 설명하시오"
"742","(주)호텔신라","강제순환 공조기와 외기도입식 공조순환방식의 차이를 설명하시오"
"743","(주)호텔신라","현장 안전관리에 있어 중요하다고 생각하는 점을 얘기해보시오"
"744","(주)호텔신라","자기소개"
"745","(주)호텔신라","기억에 남는 착한손님, 나쁜손님"
"746","(주)호텔신라","취미"
"747","(주)호텔신라","성격이 급한편? 차분한편?"
"748","(주)호텔신라","지금 딱 생각나는 친구가 있나"
"749","(주)호텔신라","마지막할말"
"750","(주)호텔신라","회사와 이 업무에 대해 알아보셨나요?"
"751","(주)호텔신라","문화적 차이에 대해 괜찮으실지...?"
"752","(주)호텔신라","전에 일했던 회사가 어땠나요?"
"753","(주)호텔신라","자기소개"
"754","(주)호텔신라","지원동기"
"755","(주)호텔신라","영어자기소개"
"756","(주)호텔신라","경력에대한 질문"
"757","(주)호텔신라","이직하려는 이유"
"758","(주)호텔신라","자기소개 지원동기"
"759","(주)인터파크","경력사항에 대한 질문"
"760","(주)인터파크","어도비 프로그램 사용 유무"
"761","(주)인터파크","회사와 자택 거리"
"762","(주)인터파크","여기오기전에 어떤일을 했습니까"
"763","(주)인터파크","어떤 역량을 발휘 할 수 있습니까"
"764","(주)인터파크","회사를 선택한 이유"
"765","(주)인터파크","전 직장에서 했던 업무는?"
"766","(주)인터파크","어떤 업무를 두고 이런 업무도 했었나요?"
"767","(주)인터파크","이런이런 업무를 할껀데 괜찮나요?"
"768","(주)인터파크","우리회사를 어떻게 알고있는지?"
"769","(주)인터파크","하게 될 직무에 어떤 준비를 하였는지?"
"770","(주)인터파크","이직사유"
"771","효성중공업(주)","직무 관련 질문"
"772","효성중공업(주)","회사에서 사용하는 시스템 관련 질문"
"773","효성중공업(주)","회사에 궁금한점"
"774","효성중공업(주)","전에 회사에서 어떤일을 하였는가?"
"775","효성중공업(주)","어떤 이유로 이직 하게 되었는가?"
"776","효성중공업(주)","할수있는 프로그램과 어느정도의 사용가능한가?"
"777","쌍용자동차(주)","자동차 일 경험"
"778","쌍용자동차(주)","안전사고"
"779","쌍용자동차(주)","업무숙지"
"780","현대코퍼레이션(주)","간단한 자기소개"
"781","현대코퍼레이션(주)","출퇴근 어떻게 할 것인지"
"782","현대코퍼레이션(주)","이전직장은 왜 그만두었는지"
"783","현대코퍼레이션(주)","첫직장과 두번째 직장의 업종이 다른데 왜 그런지"
"784","현대코퍼레이션(주)","다른회사에는 면접이 잡혀있는지"
"785","롯데글로벌로지스(주)","1분 자기소개"
"786","롯데글로벌로지스(주)","마지막으로 할말"
"787","롯데글로벌로지스(주)","자기소개서기반의 경력사항 질문"
"788","롯데글로벌로지스(주)","전 회사를 그만 둔 이유"
"789","롯데글로벌로지스(주)","향후 회사의 신사업 제안 (토론 면접)"
"790","롯데글로벌로지스(주)","학교 등에서 동호회 등 그룹활동 경험"
"791","동원산업(주)","자기소개"
"792","동원산업(주)","지원동기"
"793","동원산업(주)","왜 당신을 뽑아야 하는가"
"794","동원산업(주)","지원동기"
"795","동원산업(주)","마지막할말"
"796","동원산업(주)","피티"
"797","동원산업(주)","경력사항과 본인의 강점은?"
"798","동원산업(주)","미래에 동원산업이 지향 되어야 할 점은?"
"799","동원산업(주)","동원인이 된다면 각오와 목표"
"800","(주)아이마켓코리아","이전 회사에서 맡은 업무에 대한 상세질문"
"801","(주)아이마켓코리아","자회사 재무상태표 본적있는지?"
"802","(주)아이마켓코리아","이전 회사를 그만둔 이유"
"803","한국항공우주산업(주)","갑.을 관계에 대한 기성세대와 현세대의 관점 차이는 무엇이라 생각하는가?"
"804","한국항공우주산업(주)","학창 시절 맡았던 팀 프로젝트 설명과 프로그램 사용한거 어느 여부까지 사용 가능한지 설명해보아라"
"805","한국항공우주산업(주)","회사 직무 선택 이유는?"
"806","현대로템(주)","긴장될 때 어떻게 푸는지?"
"807","현대로템(주)","나의 성격은?"
"808","현대로템(주)","회사의 부당한 업무에 대해 어떻게 생각하는지?"
"809","현대로템(주)","자기소개"
"810","현대로템(주)","경력을 토대로 질문"
"811","현대로템(주)","자신의 성격이 어떠한지?"
"812","현대로템(주)","회사 선택한 이유"
"813","현대로템(주)","퇴사 후 이직 이유"
"814","현대로템(주)","자신을 한단어로 표현한다면?"
"815","현대로템(주)","경력사항에 대한 간단한 설명"
"816","현대로템(주)","간단한 회사정보"
"817","현대로템(주)","성격 장단점"
"818","현대로템(주)","경력이 없는데 괜찮겠는가"
"819","현대로템(주)","지방근무 괜찮겠는가"
"820","현대로템(주)","전기도면 볼 수 있는가 등"
"821","현대로템(주)","이직사유 중 가장 와 닿을수 있는 이유가 있나요?"
"822","현대로템(주)","지원자가 생각하는 현대로템의 미래는?"
"823","현대로템(주)","가장 기본적인 저희회사에 매출액은?"
"824","현대로템(주)","방산, 철도 둘중 왜 (두곳중 한곳)이곳을 선택했나?"
"825","현대로템(주)","연봉이 적어젔는데 그에 대해선 어떻게생각하시는지?"
"826","(주)제일기획","왜 1-2년 갭이 있나요? 이 때 뭘 하셨나요?"
"827","(주)제일기획","대학원 전공을 선택한 이유는?"
"828","(주)제일기획","업종이 다양하게 바뀐 이유는?"
"829","(주)제일기획","경력사항"
"830","(주)제일기획","장단점"
"831","(주)제일기획","계약 도중 다른곳에 입사가 되면 어떻게 할것이냐"
"832","(주)제일기획","PR이란 무엇이라고 생각하나"
"833","(주)제일기획","왜 PR에 관심을 가지게 되었나"
"834","(주)제일기획","기억에 남는 특정 기업 및 제품의 PR이나 마케팅"
"835","(주)아성","경력사항에대한 질문"
"836","(주)아성","해당직무에대해 잘 알고 있는지"
"837","(주)아성","상황대처능력 질문"
"838","(주)아성","에어컨 설치가 아니더라도 관련 설치 작업을 한적이 있는가?"
"839","(주)아성","어디서 공고를 보았는가?"
"840","(주)아성","앞으로 이 일을 하는 비전을 알고 있는가?"
"841","(주)아성","이전 경력 관련된 질문 굉장히 많이함"
"842","(주)아성","퇴사한 이유는? 여기에 합격해서 다니게 될 동안 똑같은 어려움을 만난다면?"
"843","(주)아성","스트레스는 어떻게 푸나요?"
"844","(주)아성","해당 직무 외에 타부서로 이동하게 된다면 어떻게 하겠는지"
"845","(주)아성","신입사원한테 어떤게 가장 중요하다고 생각하는지"
"846","(주)아성","거래처 관리에 있어서 인간적으로vs원칙대로 어느쪽이 중요하다고 생각?"
"847","(주)아성","연봉은 어느정도?"
"848","(주)아성","간단한 영어/일본어 질문"
"849","(주)아성","본인이 해당 직무에 어울리는 이유는?"
"850","(주)아성","요즘 읽고 있는 책은?"
"851","(주)아성","경력"
"852","(주)아성","다이소 메리트"
"853","(주)아성","왜 다이소인가?"
"854","(주)아성","전직장은 왜그만뒀죠?"
"855","(주)아성","지원한 이유는??"
"856","(주)아성","본인은 어떤성격을 가지고 있나요?"
"857","(주)아성","이 직무를 수행할 때 본인이 내세울 수 있는 강점"
"858","(주)아성","지원한 직무를 스포츠로 비유한다면?"
"859","(주)아성","일을 할 때 가장 중요하다고 생각하는 것은?"
"860","(주)아성","지금 지원한 직무 이외에 다른 직무로 이동권유를 받는다면 갈 의향이 있는가."
"861","(주)아성","이 직무는 무슨 일을 하는 곳이라고 생각하는가"
"862","(주)아성","직무의 강점 및 약점"
"863","(주)아성","직무의 전문성과 이해도"
"864","(주)아성","상황별 대처능력"
"865","(주)아성","1분자기소개"
"866","(주)아성","아성hmp회사에 대해 아는것 말해보세요"
"867","(주)아성","다이소에서 가장 기억에 남는 상품과 이유"
"868","한성자동차","남자친구 있는지"
"869","한성자동차","담배 피는지"
"870","한성자동차","핸드폰 잘 안 만지는지"
"871","(주)농심","자기소개"
"872","(주)농심","회사와 집과의 거리"
"873","(주)농심","직무 특성 극복방안"
"874","(주)농심","회사의 지원동기와 자기소개를 간단히 해주세요"
"875","(주)농심","왜 이 직무를 선택했는지?"
"876","(주)농심","전공이 직무랑 일치하지 않는데 어떻게 생각하나요?"
"877","(주)농심","어떤음식 좋아하는가"
"878","(주)농심","왜 그런 주제를 선택하게 되었는가"
"879","(주)농심","좀 더 학문적으로 연구할 생각은 없는가"
"880","(주)농심","학교생활동안 어떤 사람인지"
"881","(주)농심","옆 사람보다 자격증 없는 이유"
"882","(주)농심","직무 중 자신있는거는"
"883","(주)농심","생기부랑 이력서 보고 질문"
"884","(주)농심","호화 노화"
"885","(주)농심","라면공정"
"886","(주)농심","대학성적"
"887","(주)농심","자기소개서 관련 질문"
"888","(주)농심","소맥분 글루텐 함량에 대한"
"889","(주)농심","동결건조란?"
"890","(주)농심","HACCP의 사전조치는?"
"891","(주)농심","만약에 공장에 비둘기가 침입한다면 어떻게 조치할 것인가?"
"892","앰코테크놀로지코리아(주)","지원동기"
"893","앰코테크놀로지코리아(주)","회사/반도체 이해도"
"894","앰코테크놀로지코리아(주)","업무와 연관된 자신의 강점"
"895","앰코테크놀로지코리아(주)","무언가로 자신을 표현 (예시:들꽃,나무 등등-이건 본인이 말해야함)"
"896","앰코테크놀로지코리아(주)","본인의 인생관 (인화,창조 등 말하면 됨)"
"897","앰코테크놀로지코리아(주)","본받고 싶은 사람"
"898","앰코테크놀로지코리아(주)","회사에 다니다가 다른 회사가 들어온다면 지원하겠는가?"
"899","앰코테크놀로지코리아(주)","어려운 과목은 무엇인가?"
"900","앰코테크놀로지코리아(주)","코로나 전과 후의 취미가 무엇이었는가?"
"901","앰코테크놀로지코리아(주)","현재까지 내가 했던 업무에 대해서 PPT로 준비하게 하고 면접당일에 영어로 발표하게 함."
"902","앰코테크놀로지코리아(주)","품질엔지니어 지원을 하였기 때문에 , 품질관리 용어에 정의를 물어봄, 예를들면 FMEA, Control plan and etc"
"903","앰코테크놀로지코리아(주)","근무지에 대한 문제가 없는지에 물어봄."
"904","앰코테크놀로지코리아(주)","영어 자기소개"
"905","앰코테크놀로지코리아(주)","패키징에 대해서 아는점 설명"
"906","앰코테크놀로지코리아(주)","전공과 회사를 연결해서 설명"
"907","앰코테크놀로지코리아(주)","1분 자기소개"
"908","앰코테크놀로지코리아(주)","성격의 장단점"
"909","앰코테크놀로지코리아(주)","없음"
"910","앰코테크놀로지코리아(주)","우리회사에 대해 알고있는가?"
"911","앰코테크놀로지코리아(주)","자신의 강점과 약점"
"912","앰코테크놀로지코리아(주)","직무에 지원한 동기"
"913","앰코테크놀로지코리아(주)","1분 자기소개(한글 or 영어)"
"914","앰코테크놀로지코리아(주)","본인 출신 학교를 영어로 소개해보라"
"915","앰코테크놀로지코리아(주)","입사 후 자신의 목표와 포부를 말해보아라"
"916","(주)호반","자기소개"
"917","(주)호반","남들이 생각하는"
"918","(주)호반","서비스에서 중요하다고 생각하는 것"
"919","(주)호반","서비스란 무엇인가?"
"920","(주)호반","회사를 지원하게된 이유는?"
"921","(주)호반","본인의 장점은?"
"922","(주)호반","맨처음 자기소개 (과거 경력 위주로)"
"923","(주)호반","진상고객이 있을수도 있는데 잘 응대할수 있나?"
"924","(주)호반","회계지식은 어느정도 있나? 과거 회계업무 경력이 없는데 할수 있겠나?"
"925","(주)호반","경력이 없어 신입사원 월급으로 책정될듯한데 수용이 가능한가?"
"926","(주)호반","개인의 성격과 업무가 잘 맞을것이라 생각하나?"
"927","(주)호반","인내심이 있는 편인가?"
"928","(주)호반","맨 마지막으로 입사후 포부에 대해 간략히 말하라."
"929","(주)오뚜기","맛집 추천과 이유"
"930","(주)오뚜기","회사에서 무엇을 하고 싶은지? (직무관련)"
"931","(주)오뚜기","자소서 관련 질문"
"932","(주)풍산","1. 간단한 자기소개."
"933","(주)풍산","2. 이전직장 퇴사 사유"
"934","(주)풍산","3. 회사의 사업 아이템에 대해 알고 있는지"
"935","(주)풍산","4. C-REO(설계툴) 사용 경험이 있는지 그리고 얼마나 다룰지 아는지"
"936","(주)풍산","5. 직장과 자택의 거리가 얼마나 되는지. 출근 시 방법"
"937","(주)풍산","자기소개"
"938","(주)풍산","운전면허증 여부"
"939","(주)풍산","관련 업종 경험"
"940","(주)풍산","개인 소개"
"941","(주)풍산","개인 경력"
"942","(주)풍산","회사 선택한 이유"
"943","(주)SPC삼립","리더십이란 무엇인가?"
"944","(주)SPC삼립","칭찬받은것 중에 기억에 남는것"
"945","(주)SPC삼립","자기소개 1분"
"946","(주)SPC삼립","추위에 강한지"
"947","(주)SPC삼립","52시간 근무 찰저"
"948","(주)SPC삼립","관리 및 사회경력 을 안정해주어서"
"949","(주)SPC삼립","경력에 대한 질문"
"950","(주)SPC삼립","경력직이니 업무에 대한 이해도"
"951","(주)SPC삼립","회사를 택한 이유"
"952","(주)SPC삼립","이전에 어떤 일을 했는지?"
"953","(주)SPC삼립","경력단절된 사유는?"
"954","(주)SPC삼립","주야근무가 가능한지?"
"955","(주)대림","자신의 장단점?"
"956","(주)대림","자신은 어떤 사람인가?"
"957","(주)대림","자기소개"
"958","(주)대림","거주지가 어딘가요?"
"959","(주)대림","우리 회사는 어떤 일을 하는 회사인지 아시나요?"
"960","(주)대림","자신의 성격은?"
"961","(주)대림","경력 사항에 대한 질문"
"962","(주)대림","우리 회사의 강점은"
"963","(주)대림","회사를 선택한 이유"
"964","(주)대림","왜 현장직에 들어왔는가"
"965","(주)대림","화학약품을 많이써서 냄새나는데 괜찮은가"
"966","(주)대림","집이먼데 어떻게 다닐건가"
"967","에스엘(주)","이전 회사에서 어떤 분야의 일을 맡았고, 경력은 몇년 인정받고 싶으신가요?"
"968","에스엘(주)","회사의 비전과 가치가 무엇인가요?:"
"969","에스엘(주)","많은 회사 중 이 회사를 고른 이유가 무엇인가요?"
"970","에스엘(주)","회사의 장점3가지"
"971","에스엘(주)","지원동기"
"972","에스엘(주)","경쟁 회사"
"973","(주)부영","평판재하시험이 뭔가요?"
"974","(주)부영","측량의 종류를 말해보시오."
"975","(주)부영","회사에 지원하게 된 동기"
"976","넷마블(주)","이력서를 보고 경력사항에 대한 세세한 질문?"
"977","넷마블(주)","게임 좋아합니까?"
"978","넷마블(주)","회사를 선택한 이유?"
"979","씨제이프레시웨이(주)","자기소개"
"980","씨제이프레시웨이(주)","지원동기 및 직무관련질문 3~4가지"
"981","씨제이프레시웨이(주)","지원 분야, 마지막 하고싶은 말"
"982","씨제이프레시웨이(주)","주요 경력사항과 주요 업적"
"983","씨제이프레시웨이(주)","지원동기와 합격되어야 하는 이유"
"984","씨제이프레시웨이(주)","전 회사와 비교하여 어떨 것 같나?(기업문화나 복지 등)"
"985","씨제이프레시웨이(주)","계절 메뉴 작성하기"
"986","씨제이프레시웨이(주)","전 직장 퇴사 사유"
"987","씨제이프레시웨이(주)","지원 동기 및 포부"
"988","(주)부영주택","평판재하시험이 뭔가요?"
"989","(주)부영주택","측량의 종류를 말해보시오."
"990","(주)부영주택","회사에 지원하게 된 동기"
"991","(주)엔씨소프트","자기소개 위주의 질문을 다수"
"992","(주)엔씨소프트","최종적인 목표"
"993","(주)엔씨소프트","업무적인 스트레스 푸는 방법"
"994","(주)엔씨소프트","왜 이 회사를 선택했는지"
"995","(주)엔씨소프트","의견을 안받아들이는 사람에게 의견을 어떻게 전달할 것인가"
"996","(주)엔씨소프트","진행했던 일에 대한 소개"
"997","(주)엔씨소프트","발견했던 이슈 중 특이이슈"
"998","(주)엔씨소프트","1분 자기소개"
"999","(주)엔씨소프트","아떻게 스트레스를 푸는지"
"1000","(주)엔씨소프트","좋아하는 게임을 친구에게 소개한다면"
"1001","(주)엔씨소프트","최근에 화제가 되고 있는 게임 해보았는지"
"1002","(주)풀무원","자격증"
"1003","(주)풀무원","직무에 대한 이해도"
"1004","(주)풀무원","출퇴근"
"1005","(주)풀무원","회사 및 사업에 대한 전반적인 이해도"
"1006","(주)풀무원","사업에 대한 예상 수익 및 예상 업무 진행 예시"
"1007","(주)풀무원","경력에 대한 장단점"
"1008","(주)풀무원","당신의 특기는 무엇인가"
"1009","(주)풀무원","왜이회사를 지원했는지"
"1010","(주)풀무원","경력직임에도 왜 신입을 지원 했는가"
"1011","(주)풀무원","제일 잘 웃고 자신감이 넘쳐 보인다. 그만큼 이 회사에 오고 싶은 것 같은데 왜 여긴가? =지원동기)"
"1012","(주)풀무원","영양사가 되고싶은 이유"
"1013","(주)풀무원","가장 기억에 남는 교수"
"1014","태광실업(주)","(영어) 식스시그마를 설명하고 무슨프로젝트를 했나"
"1015","태광실업(주)","~~를~~로 속이고 팔아보아라"
"1016","태광실업(주)","엔지니어에게 가장 필요한 강점은?"
"1017","(주)현대홈쇼핑","강성고객일때 처리방법?"
"1018","(주)현대홈쇼핑","스트래스 해소법?"
"1019","(주)현대홈쇼핑","이전회사 퇴사사유?"
"1020","(주)아이티센","자기소개"
"1021","(주)아이티센","사회경험"
"1022","(주)아이티센","지원이유"
"1023","(주)현대백화점","경력사항에 대한 질문"
"1024","(주)현대백화점","일을 할 수 있는 기간"
"1025","(주)현대백화점","근태가 잘 이루어질 수 있는지"
"1026","(주)현대백화점","본인 장단점"
"1027","(주)현대백화점","(자격증많이보유함) 상중하 중에서 본인 실력은?"
"1028","(주)현대백화점","다른 회사에도 지원한거 아니냐"
"1029","(주)현대백화점","자기소개"
"1030","(주)현대백화점","전공 관련"
"1031","(주)현대백화점","저소서 관련"
"1032","(주)현대백화점","경력사항에 관련된 질문"
"1033","(주)현대백화점","성격의 장단점"
"1034","(주)현대백화점","집까지와의 거리"
"1035","(주)현대백화점","자기소개+지원동기"
"1036","(주)현대백화점","주업무가 무엇인지 알고 있는지 - 현대백화점 신용카드 관련 업무가 주를 이룸(발급, 결제, 문의 등)"
"1037","(주)현대백화점","여러 사람과 잘 지낸 경험 또는 사례+통근 거리+다른 지점도 일할 의지가 있는지"
"1038","(주)현대백화점","궁금한 점이나 질문"
"1039","(주)현대백화점","지원동기"
"1040","(주)현대백화점","취미"
"1041","(주)현대백화점","단점"
"1042","(주)현대백화점","이전 직장에서 맡은 업무"
"1043","(주)현대백화점","이전직장 직급, 연봉"
"1044","(주)현대백화점","외국어 실력"
"1045","(주)현대백화점","현대백화점 영업관리직무를 맡는다면 어떤 카테고리를 담당하고 싶나(영패션,남성,여성패션,식품등)"
"1046","(주)현대백화점","최근에 다녀온 맛집을 추천해달라"
"1047","(주)현대백화점","마지막으로 하고싶은 말?"
"1048","롯데칠성음료(주)","과거 경력이 롯데칠성음료에서 적용될 수 있는지?"
"1049","롯데칠성음료(주)","지원동기"
"1050","롯데칠성음료(주)","앞으로의 미래계획"
"1051","하이트진로(주)","자기소개"
"1052","하이트진로(주)","지원동기"
"1053","하이트진로(주)","입사 후 포부"
"1054","롯데렌탈(주)","우리화사에 대해 아는 것을 말해보라"
"1055","롯데렌탈(주)","자신의 능력을 객관적으로 평가한다면"
"1056","롯데렌탈(주)","자기 계발에 어느정도 투자하는가"
"1057","(주)서연","이 직무를 수행함에 있어 가장 중요하게 생각하는것?"
"1058","(주)서연","지방근무 가능한가요?"
"1059","(주)서연","서연이화를 선택한 이유?"
"1060","(주)오리온","본인의 성격이 내향적입니까, 외향적입니까?"
"1061","(주)오리온","친구가 많은 편입니까?"
"1062","(주)오리온","영업이란 무엇이라고 생각합니까?"
"1063","(주)오리온","지인들 중 기술영업에 종사하는 분이 있습니까?"
"1064","(주)오리온","취미나 여가 활동으로 무엇을 합니까?"
"1065","(주)오리온","비서란무엇인가"
"1066","(주)오리온","비서가 되기위해서 필요한 자질 세가지"
"1067","(주)오리온","불합리한 지시사항을 받는다면 어떻게할것인가"
"1068","(주)에스원","고등학생때부터 지금까지의 일생기"
"1069","(주)에스원","졸업한 학과랑 전혀 다른 분야를 지원한 이유는?"
"1070","(주)에스원","지원하는 직무에 대해 잘 알고 있는지?"
"1071","(주)에스원","경력과 인성 위주 질문"
"1072","(주)에스원","삼성 계열사로 안정성"
"1073","(주)에스원","삼성 계열사"
"1074","(주)에스원","집이 지방인데 수도권 근무 잘할수있겠냐?"
"1075","(주)에스원","용접관련 업무를 했다는데 용접의 장점과 단점을 말해보아라"
"1076","(주)에스원","전 회사 다닐때 힘들었던 경험"
"1077","(주)에스원","자기소개"
"1078","(주)에스원","무슨 일 하는지 알고 왔는가?"
"1079","(주)에스원","왜 에스원인가?"
"1080","(주)한진","지방근무 가능여부"
"1081","(주)한진","상사가 부당한 지시를 할시?"
"1082","(주)한진","희망하는 직무"
"1083","(주)한진","결산 Flow를 설명하세요."
"1084","(주)한진","한진에 대해 아는것이 있다면 말해주세요."
"1085","(주)한진","이직사유"
"1086","(주)한진","상사가 본인의 공로를 가로챌 경우 대응방법은?"
"1087","(주)한진","야근에 대한 본인의 의사는?"
"1088","(주)한진","본인의 업무 스타일은?"
"1089","(주)한진","아파트 시공경험에 대한 직접 설명"
"1090","(주)한진","회사생활의 포부"
"1091","(주)한진","현 주거지외 타지역의 근무가능 여부"
"1092","(주)한진","우리 회사에 왜 지원했습니까?"
"1093","(주)한진","자신의 단점이 뭐라고 생각하십니까?"
"1094","(주)한진","남성 비중이 커 다소 거친 분위기에 적응할 수 있겠습니까?"
"1095","계룡건설산업(주)","계룡건설이 하는 사업 알고있냐?"
"1096","계룡건설산업(주)","왜 계룡건설에 지원했는가?"
"1097","계룡건설산업(주)","장교로 군을 나왔는데 왜 그랬는가?"
"1098","계룡건설산업(주)","우리회사 말고 다른회사 지원했는가?"
"1099","계룡건설산업(주)","어디를 가겠냐하면 우리를 온다하겠지? 왜 그런가?"
"1100","계룡건설산업(주)","상사가 말도 안되는 부당한 지시를 내린다면?"
"1101","계룡건설산업(주)","개발직무는 현장으로도 많이 발령날 수 있다. 근무가 가능하겠는가? 그 이유는?"
"1102","계룡건설산업(주)","학교생활 외의 동아리나 대외활동 경험있나?"
"1103","계룡건설산업(주)","개발부서는 힘들고 야근이 많을 수 있다. 괜찮은가?"
"1104","계룡건설산업(주)","우리 회사는 이직율이 높다. 만약 다른회사에서 이직제의가 오면 어떻게 할 것인가? 이직시 가장 고려하는 사항은 무엇인가?"
"1105","금호타이어(주)","자기소개서에 대한 심층 질문"
"1106","금호타이어(주)","주량"
"1107","금호타이어(주)","직무관련 사회이슈"
"1108","금호타이어(주)","어떤 직무를 하고싶은지"
"1109","금호타이어(주)","다룰수 있는 프로그램이 뭐가 있는지"
"1110","금호타이어(주)","4차산업에서 제조업 관련해 어떤분야가 중요하다고 생각하는가"
"1111","롯데제과(주)","노력해서 무언가를 성취한 경험"
"1112","롯데제과(주)","회사내에서 불법적인 일을 목격했을때 대처"
"1113","롯데제과(주)","마지막으로 하고싶은 말"
"1114","(주)한샘","지원동기"
"1115","(주)한샘","매출목표"
"1116","(주)한샘","영업 경험"
"1117","(주)한샘","내가 무슨 일을 했는지"
"1118","(주)한샘","꿈이 무엇인지"
"1119","(주)한샘","내가 노력한 일은?"
"1120","(주)한샘","3년후, 5년후의 모습"
"1121","(주)한샘","본인의 강점"
"1122","(주)한샘","지원한 부서에대한 이해설명"
"1123","(주)한샘","리하우스 TR이 어떤 직무인지 아는가?"
"1124","(주)한샘","본인이 꼼꼼하고 세심하다고 생각하는가?"
"1125","(주)한샘","학교와 회사의 차이에 대해 설명해봐라"
"1126","(주)한샘","생산관리가 무엇이라고 생각하는가?"
"1127","(주)한샘","지원동기"
"1128","(주)한샘","이전에 다른 곳 면접본 적이 있는가?"
"1129","(주)한샘","운전 가능한가?"
"1130","(주)한샘","거리가 있는데 자취할 것인가?"
"1131","(주)한샘","사는 곳에 관련된 질문"
"1132","(주)한샘","자소서에 관한 질문"
"1133","(주)한샘","이전 경력에 관련된 질문"
"1134","(주)한샘","플래스샵을 방문 해보았는지?"
"1135","(주)한샘","우리 회사의 강점은?"
"1136","(주)한샘","기업을 보았을때 중요시하는 것은?"
"1137","(주)삼양사","이전 직장에서 영업을 어떤식으로 해왔으며 본인의 강점이 무엇인가"
"1138","(주)삼양사","전 직장의 퇴사사유 및 영업 관련 하던 업무"
"1139","(주)삼양사","경력사항에 대한 질문"
"1140","(주)삼양사","취미, 특기사항"
"1141","(주)삼양사","지원한 이유"
"1142","(주)삼양사","경력사항"
"1143","(주)삼양사","회사를 선택한 이유"
"1144","세아상역(주)","지원 동기 _ 한글로 답변 후 해당내용 영어로 답할것을 요구"
"1145","세아상역(주)","진행해본 아이템들"
"1146","세아상역(주)","앞으로의 비젼"
"1147","세아상역(주)","벤더에 대해 잘 알고있는지"
"1148","세아상역(주)","자기에 대한 어필"
"1149","세아상역(주)","그동안 해온것중 잘했다고 생각하는것"
"1150","이베스트투자증권(주)","개인정보 처리 방안"
"1151","이베스트투자증권(주)","증권업무에 대해서 얼마나 알고, 주식을 해보았는지"
"1152","이베스트투자증권(주)","현재 진행중인 전형이있는지 있다면 그곳과 비교하여 여기가 얼마나 매력이 있는지"
"1153","OCI(주)","실제 증류탑 단수를 결정하는 요인은 무엇인가?"
"1154","OCI(주)","근무지역 1지망을 군산으로 선택한 이유?"
"1155","OCI(주)","자신을 한 단어로 표현하면?"
"1156","장금상선(주)","자기소개를 해주세요?"
"1157","장금상선(주)","어떤사람이 되고 싶나요?"
"1158","장금상선(주)","질문이 두개 밖에 없었습니다."
"1159","장금상선(주)","장단점"
"1160","장금상선(주)","1분 자기소개"
"1161","장금상선(주)","자신의 꿈"
"1162","삼성웰스토리(주)","1차 2차 : 영양사로서 가장 중요한 자질"
"1163","삼성웰스토리(주)","2차 : 자신이 큰 손해를 보면서 양보를 한 경험"
"1164","삼성웰스토리(주)","2차 : 여사님들이 지원자를 무시한다면 어떻게 행동"
"1165","삼성웰스토리(주)","2차 : 영양사로서 중요한 자질 세가지를 다 지키기 힘들탠데 어떻게 지키겠습니까"
"1166","삼성웰스토리(주)","1차 : 갑자기 식재료 수급에 차질이 생긴다면"
"1167","삼성웰스토리(주)","경쟁사 대비 우리 회사의 강점은?"
"1168","삼성웰스토리(주)","본인의 특기는?"
"1169","삼성웰스토리(주)","차별을 당한 경험은?"
"1170","(주)서연이화","이 직무를 수행함에 있어 가장 중요하게 생각하는것?"
"1171","(주)서연이화","지방근무 가능한가요?"
"1172","(주)서연이화","서연이화를 선택한 이유?"
"1173","미래에셋생명보험(주)","직무설명"
"1174","미래에셋생명보험(주)","지원한 동기"
"1175","미래에셋생명보험(주)","추후의 면접이 가능한가"
"1176","(주)유라코퍼레이션","경력사항에 물어봤어요"
"1177","(주)유라코퍼레이션","무엇을 만드는 곳인지 아는지 물어보셨어요"
"1178","(주)유라코퍼레이션","근무하게 된다는 어떻게 일을 할것인지 물었습니다."
"1179","(주)유라코퍼레이션","사용한 Chip 사양이 어떻게 되는가?"
"1180","(주)유라코퍼레이션","만일 차종개발할 일정은 얼마 안되는데 개발해야할 차종이 많다면 어떻게 대응하겠는가?"
"1181","(주)유라코퍼레이션","이직하려는 이유는 무엇인가?"
"1182","(주)유라코퍼레이션","회사에서 주력으로 만드는 제품이 뭔지 아는가?"
"1183","(주)유라코퍼레이션","1분 자기소개"
"1184","(주)유라코퍼레이션","경력사항에 대한 세세한 질문"
"1185","(주)유라코퍼레이션","이직사유"
"1186","(주)유라코퍼레이션","지원사유"
"1187","(주)유라코퍼레이션","주재원 가능여부"
"1188","(주)유라코퍼레이션","원하는 부서"
"1189","(주)유라코퍼레이션","왜 이직을 생각하게 되었는가?"
"1190","(주)유라코퍼레이션","보이드관련 대응방법은?"
"1191","(주)유라코퍼레이션","미투운동이 화두인데 성희롱은 어디부터 라고생각하는가?"
"1192","(주)셀트리온","지원동기"
"1193","(주)셀트리온","회사에 대해 알고 있는점"
"1194","(주)셀트리온","직무 지원동기"
"1195","(주)셀트리온","경력사항은 주로 단기아르바이트를 하였습니다."
"1196","(주)셀트리온","편안한 분위기에서 일할 수 있는점이 좋습니다."
"1197","(주)셀트리온","사회경험을 쌓기 위해 지원하였습니다."
"1198","(주)셀트리온","본인이 연구했던 것을 어떻게 적용시킬 수 있는가?"
"1199","(주)셀트리온","최근 읽은 책에 대해 설명하시오."
"1200","(주)셀트리온","회사에 대해 알고있는 것을 이야기해보시오."
"1201","(주)셀트리온","셀트리온에 대해"
"1202","(주)셀트리온","자신의 장단점"
"1203","(주)셀트리온","자기에 대해 한마디로 표현함"
"1204","(주)셀트리온","가장 좋아했던 과목가 그 이유"
"1205","(주)셀트리온","만약 지원 부서가 아닌 타부서에 발령이 났다면 어떠할지"
"1206","(주)셀트리온","자소서에 적은 내용 그대로를 질문(전공)"
"1207","금호건설(주)","전 회사 퇴직 및 이직 이유"
"1208","금호건설(주)","이력서 및 자기소개서 사실 확인"
"1209","금호건설(주)","회사 근무 및 시스템 적용시 어려운 점 및 극복방법"
"1210","현대엘리베이터(주)","회사에 들어오고 싶은 이유 ?"
"1211","현대엘리베이터(주)","취미 특기 ?"
"1212","현대엘리베이터(주)","무슨회사인지 아는가 ?"
"1213","효성화학(주)","맡았던 업무에서 실질적인 성과를 낸 경험에 대해 말해보시요"
"1214","효성화학(주)","우리 회사에서 구체적으로 어떤 역할을 맡고 싶은지 말해보세요"
"1215","효성화학(주)","우리 회사에 지원하게 된 이유를 말해보세요"
"1216","현대일렉트릭앤에너지시스템(주)","실무) 1분 자기소개 & 자소서 내용 검증 질문"
"1217","현대일렉트릭앤에너지시스템(주)","실무) 본인의 전공의 이슈는?"
"1218","현대일렉트릭앤에너지시스템(주)","임원) 본인의 전공과 관련해서 하고 싶은 업무는?"
"1219","현대일렉트릭앤에너지시스템(주)","임원) 만약 다른 업무가 주어진다면?"
"1220","현대일렉트릭앤에너지시스템(주)","임원) 실패한 경험과 그에 대처한 자세"
"1221","현대일렉트릭앤에너지시스템(주)","임원) MZ세대의 정체성과 기성세대의 갈등 및 MZ세대가 고쳐야 할 점은?"
"1222","볼보그룹코리아(주)","회사에 들어오면서 무슨 생각이 들었는지?"
"1223","볼보그룹코리아(주)","요즘 세대는 워라밸을 중요시하는데, 직무에 있어서 어떻게 밸런스를 맞출 것인지"
"1224","볼보그룹코리아(주)","5년 후, 10년 후 미래의 모습?"
"1225","태광산업(주)","이직 이유"
"1226","태광산업(주)","기존업무"
"1227","태광산업(주)","현업과 적용 가믕성"
"1228","태광산업(주)","이 지원자들 중 어떤 사람을 뽑겠습니까?"
"1229","태광산업(주)","성공했던 경험"
"1230","태광산업(주)","엔지니어로서의 가장 중요한 덕목"
"1231","태광산업(주)","회사의 경쟁력 무엇인가요0"
"1232","태광산업(주)","경력사유"
"1233","태광산업(주)","이직이유"
"1234","태광산업(주)","회사에 대해 알고 있는 부분"
"1235","태광산업(주)","이직인 경우 왜 전 회사를 그만두게 되었나"
"1236","태광산업(주)","업무를 시작한다면 언제부터 출근 가능한가"
"1237","태광산업(주)","무엇을 하는 회사인지 알고 있느냐"
"1238","롯데푸드(주)","경력사항 직무경험"
"1239","롯데푸드(주)","자신의 장점"
"1240","롯데푸드(주)","회사에서 발휘할 수있는 부분"
"1241","롯데푸드(주)","창의적이었던 경험"
"1242","롯데푸드(주)","도전 경험"
"1243","롯데푸드(주)","지원동기"
"1244","(주)사조대림","기존에 다니던 곳의 퇴사를 결심하게 된 이유?"
"1245","(주)사조대림","사조대림이 당신을 왜 뽑아야 하는 이유?"
"1246","(주)사조대림","서울 근무가 가능하십니까?"
"1247","(주)사조대림","사조대림하면 떠오르는 이미지"
"1248","(주)사조대림","본인이 사조대림에 일조할 수 있는 특별 역량"
"1249","(주)사조대림","면접을 마치며 마지막으로 하고싶은 말"
"1250","(주)사조대림","1분 자기소개"
"1251","(주)사조대림","학창시절 본인이 제일 기억나는 순간"
"1252","(주)사조대림","자기소개(1차)"
"1253","(주)사조대림","전공이 다른데, 마케팅 직무를 선택한 이유는?(1차)"
"1254","(주)사조대림","가장 보람있는 경험은?(1차)"
"1255","(주)사조대림","꿈은?(1차)"
"1256","(주)사조대림","자기소개(2차)"
"1257","(주)사조대림","회사 제품 중 가장 인상 깊었던 것(2차)"
"1258","(주)사조대림","지원한 직무가 아닌 다른 직무로 뽑혀도 괜찮은지?(2차)"
"1259","(주)사조대림","1분자기소개"
"1260","(주)사조대림","성격 장점"
"1261","(주)사조대림","회사선택기준"
"1262","(주)사조대림","경력의 경우, 이직 사유, 신입의 경우 입사 지원 동기"
"1263","(주)사조대림","왜 관련 학과를 선택했는가?"
"1264","(주)사조대림","졸업 여부"
"1265","(주)사조대림","자기소개"
"1266","(주)사조대림","업무에 대해 아는점"
"1267","(주)사조대림","마지막 할말"
"1268","(주)사조대림","주량은?"
"1269","(주)사조대림","가족구성원은?"
"1270","(주)사조대림","경력인정이 안될 경우 입사가능한지?"
"1271","(주)에스앤아이코퍼레이션","지원동기"
"1272","(주)에스앤아이코퍼레이션","회사를 알게된 계기"
"1273","(주)에스앤아이코퍼레이션","직무 선택한 이유"
"1274","(주)에스앤아이코퍼레이션","전공관련 사회적 이슈"
"1275","(주)에스앤아이코퍼레이션","경력사항"
"1276","(주)에스앤아이코퍼레이션","기업이라면 면접자를 채용할 것인가"
"1277","(주)에스앤아이코퍼레이션","1,2지망이 다른데 그래도 상관없는지"
"1278","(주)에스앤아이코퍼레이션","자신의 강점을 살렸던 경험"
"1279","(주)에스앤아이코퍼레이션","실패했던 경험이 있는지"
"1280","(주)에스앤아이코퍼레이션","자신이 지원하게된 부서에 대해 아는 것"
"1281","(주)에스앤아이코퍼레이션","전공과 다를시 왜 이쪽으로 오게 되엇는지"
"1282","한세실업(주)","간단한 자기소개 (경력 위주)"
"1283","한세실업(주)","Portfolio presentation in English"
"1284","한세실업(주)","전 직장 퇴사 사유"
"1285","(주)한진중공업","아파트 시공경험에 대한 직접 설명"
"1286","(주)한진중공업","회사생활의 포부"
"1287","(주)한진중공업","현 주거지외 타지역의 근무가능 여부"
"1288","(주)한진중공업","우리 회사에 왜 지원했습니까?"
"1289","(주)한진중공업","자신의 단점이 뭐라고 생각하십니까?"
"1290","(주)한진중공업","남성 비중이 커 다소 거친 분위기에 적응할 수 있겠습니까?"
"1291","(주)크래프톤","개임을 좋아하는지?"
"1292","(주)크래프톤","왜 이직하려고 하는지"
"1293","(주)크래프톤","본인의 커리어 골은?"
"1294","중흥토건(주)","개인별 자기소개"
"1295","중흥토건(주)","회사를 알게된 경로"
"1296","중흥토건(주)","개인 경력사항 간단히 설명"
"1297","중흥토건(주)","현장업무 특성상 격외지 근무를 할수 밖에 없는데 가능여부"
"1298","우리조명(주)","경력관련질문(많음)"
"1299","우리조명(주)","우리회사에대해 알고있었는지"
"1300","우리조명(주)","최근 연구동향 (아는대로 설명)"
"1301","우리조명(주)","할줄아는실험 설명"
"1302","우리조명(주)","졸업논문설명"
"1303","우리조명(주)","거리문제 출근"
"1304","우리조명(주)","결혼, 출산"
"1305","(주)셀트리온헬스케어","지원동기"
"1306","(주)셀트리온헬스케어","회사에 대해 알고 있는점"
"1307","(주)셀트리온헬스케어","직무 지원동기"
"1308","(주)아워홈","아워홈에 지원한 동기는?"
"1309","(주)아워홈","쌀의 도정 수율에 대해서 영어로 설명하시오"
"1310","(주)아워홈","지방으로 파견을 나가게 되면 어떻게 업무를 할 것인가"
"1311","(주)아워홈","동아리활동"
"1312","(주)아워홈","취미"
"1313","(주)아워홈","지원동기"
"1314","(주)아워홈","감가상각에 관해 설명하라"
"1315","(주)아워홈","원가회계의3요소란?"
"1316","(주)아워홈","야근을 할 수 있는가?"
"1317","(주)아워홈","학점이 낮은 이유는 무엇인가"
"1318","(주)아워홈","입사 포부를 말하라"
"1319","(주)아워홈","급한 성격인가?"
"1320","(주)아워홈","1분자기소개 및 퇴사 이유?"
"1321","(주)아워홈","김치에 대해서 제일 중요한것이 무엇인가"
"1322","(주)아워홈","아워홈 김치에 대해서 아는대로 말해보시오"
"1323","(주)아워홈","생산관리에서 중요한것은?"
"1324","(주)아워홈","생산관리 주업무에 대해서 말해보시오"
"1325","(주)아워홈","어려웠던 경험이 무엇이고 어떻게 극복했는지?"
"1326","우리바이오(주)","이력서 자소서 기재사항에 대한 질문"
"1327","우리바이오(주)","현재 충원하고픈 직무가 있는데 이 직무에 대한 경험 있는지"
"1328","우리바이오(주)","지원사유와 전,현직장 퇴사사유"
"1329","우리바이오(주)","기존에 해왔던 업무지식"
"1330","우리바이오(주)","회사를 선택한이유"
"1331","우리바이오(주)","주말근무의 가능여부"
"1332","(주)LF","왜 퇴사했는가"
"1333","(주)LF","우리 제품의 디자인은 어떠한가"
"1334","(주)LF","3D로 제품을 만들어 보라고 한다면 할 수 있는가"
"1335","대한전선(주)","회사를 위해 할수있는일"
"1336","대한전선(주)","이직사유"
"1337","대한전선(주)","회사에 대해 아는것을 말해보시오"
"1338","(주)포스코케미칼","자기소개서는 형식적인거고, 본인이 포스코케미칼에 들어오기위해 노력한 것은 어떠한 것이 있습니까?"
"1339","(주)포스코케미칼","봉사활동 실적(260시간)이 많은데 봉사를 하게된 결정적 계기는?"
"1340","(주)포스코케미칼","연고지가 없는 지역에서의 직장생활 어떻게 생각하시나요?"
"1341","(주)포스코케미칼","마지막으로 하고싶은 말이 있나요?"
"1342","(주)한라","한라 채용공고는 어디서 알았나요?"
"1343","(주)한라","희망직급이 무언가요?"
"1344","(주)한라","현장 근무 가능하죠?"
"1345","(주)에스에프에이","돈을 벌어본 경험이 있나?"
"1346","(주)에스에프에이","해외연수 해봤나?"
"1347","(주)에스에프에이","본인과에 대하여 어떻게 생각하나?"
"1348","(주)에스에프에이","품질관리 직무에 지원한 이유가 무엇인가?"
"1349","한솔제지(주)","인턴경험"
"1350","한솔제지(주)","1분 자기소개"
"1351","한솔제지(주)","회사지원동기"
"1352","(주)녹십자","전공에 관한 설명"
"1353","(주)녹십자","영어 자기소개"
"1354","(주)녹십자","직무에 대한 이해"
"1355","(주)녹십자","상사와 부딪혔을때 대처"
"1356","(주)녹십자","어떠한 마케팅 활동을 했었는지"
"1357","(주)녹십자","왜 면접자를 뽑아야하는니"
"1358","(주)녹십자","경력사항에 대한 상세한 질문 (다양한 경험을 한것으로 혼자한것인지, 함께한것인지/ 혼자했다면 힘들지않았는지 등도 물어보셨습니다.)"
"1359","(주)녹십자","다른부서와의 갈등을 어떻게 해결할것인지"
"1360","(주)녹십자","자기소개에서 나를 표현했던 단어를 왜 사용한것인지"
"1361","(주)녹십자","경험을 얕게 했다면 문서로만 익혔다고 봐도 되는지"
"1362","(주)녹십자","회사의 제품에 대해 아는점"
"1363","(주)녹십자","인턴을 하였는데 그때의 에피소드"
"1364","(주)녹십자","인턴의 업무루틴이 뭐였는지"
"1365","(주)녹십자","제조용수 샘플링시에 가장 중요하다고 생각하는점을 말해주세요"
"1366","(주)녹십자","학교에서의 실험이 뭐뭐해봤는지"
"1367","(주)녹십자","validation/qualification 이 무엇인지"
"1368","(주)녹십자","입사하게 된다면 가장 기대되는 점"
"1369","(주)녹십자","취미가 무엇인지"
"1370","(주)녹십자","그룹내에서 리드하는 편 or 소속되어있는 편"
"1371","(주)녹십자","인생에서 기억에 남는 순간"
"1372","(주)녹십자","1분 자기소개"
"1373","(주)녹십자","대학교 졸업 후 임상병리사로 취업하지않고 대학원에 간 이유"
"1374","(주)녹십자","게재 논문들이 주로 어떤 내용이었는지(꼬리질문)"
"1375","(주)녹십자","꼬리질문(1)주로 항생제 내성 유전자를 연구했는지?"
"1376","(주)녹십자","꼬리질문(2)석사 때 마이크로바이옴 연구했는지?"
"1377","(주)녹십자","NGS 해봤는지"
"1378","(주)녹십자","마지막으로 회사에 궁금하거나 하고싶은 말"
"1379","(주)녹십자","학부연구생으로 지내며 어떤 실험을 해보았는가?"
"1380","(주)녹십자","자신의 단점에 대해 얘기해주세요."
"1381","(주)녹십자","왜 제약회사에서 근무하고 싶으신지"
"1382","(주)녹십자","발현량이 적은 단백질을 어떻게 높일것인지"
"1383","(주)녹십자","기존의 방식에서 개선하면 좋을 부분은?"
"1384","(주)녹십자","마지막으로 1분 자기 PR 시간 드리겠습니다."
"1385","(주)녹십자","경력 사항에 대한 질문과 어떻게 기여할 수 있을지?"
"1386","(주)녹십자","우리 회사를 선택한 이유"
"1387","(주)녹십자","스트레스 해소 방법"
"1388","(주)녹십자","학술팀 업무 내용을 알고 있는기?"
"1389","(주)녹십자","영어 논문 읽고 이해하는 것에 능숙한가?"
"1390","(주)녹십자","신입사원으로써 잘 적응할수있는가?"
"1391","(주)녹십자","마케팅에 관심을 가지게 된 계기?"
"1392","(주)녹십자","입사하게 된다면 어느 직급까지 올라가고 싶은가?"
"1393","(주)녹십자","집이 멀리 있는데 어떻게 출근할 계획인지?"
"1394","(주)녹십자","우리 회사가 어떤 회사인지 아는가?"
"1395","(주)녹십자","입사후 영어가 많이 필요한데 영어 회화 실력이 어느정도인가?"
"1396","(주)녹십자","지원직무에 대해서 가장 중요하다고 생각하는 점은?"
"1397","(주)녹십자","우리회사에 대한 제품이름을 아는가?"
"1398","(주)녹십자","이직하는 사유는?"
"1399","(주)녹십자","거주지, 이력서 사항"
"1400","(주)녹십자","3분 스피치 (주제 면접관 자유 재량)"
"1401","(주)녹십자","인사총무의 업무 형태"
"1402","메트라이프생명보험(주)","각 경력회사에서 담당했던 직무는?"
"1403","메트라이프생명보험(주)","당신은 보험이 필요하다고 생각하십니까?"
"1404","메트라이프생명보험(주)","자신이 어려웠던 일을 극복했던 경험이 있나요?"
"1405","도이치모터스(주)","리세셥에 지원하게 된 이유"
"1406","도이치모터스(주)","어떤 업무를 하는지에 대해"
"1407","도이치모터스(주)","후배와 싸우면 어떻게 해결하는지"
"1408","도이치모터스(주)","스트레스를 어떻게 해소하는지"
"1409","(주)삼표","이전 직장에서 주로 담당했던 직무는?"
"1410","(주)삼표","Fly-ash 이송시스템에 들어가는 설비를 루츠브로워 부터 끝까지 대보기"
"1411","(주)삼표","Fly-ash 이송시스템 설치 공사 과정중 가장 어려웠던 경험은?"
"1412","(주)삼표","그 이외의 프로젝트 공사 진행중 어려웠던 경험은? 어떻게 해결해 나갔는지?"
"1413","(주)삼표","레미콘 구성요소?"
"1414","(주)삼표","MS 오피스 프로그램 활용능력"
"1415","(주)삼표","업무가 단순하고 반복적인데 괜찮은지"
"1416","(주)삼표","관리직무에 입사하여서 무엇을 할 수 있는지"
"1417","(주)삼표","회사에대해 아는 것이 무엇인지"
"1418","(주)삼표","지방에 근무하여도 가능한지"
"1419","유진기업(주)","자기소개"
"1420","유진기업(주)","회사를 선택한이유"
"1421","유진기업(주)","실무에 관한 질문"
"1422","고려제강(주)","대학교에서 어떤 생활을 했는지?"
"1423","고려제강(주)","우리회사는 어떤 회사인지?"
"1424","고려제강(주)","가지고 있는 자격증 및 자신의 강점"
"1425","(주)현대리바트","기업에 입사하여 자신의 강점을 발휘 할 수 있는 부분은?"
"1426","(주)현대리바트","매장 방문 경험"
"1427","(주)현대리바트","회사를 선택한 이유"
"1428","(주)현대리바트","주말에 일하셨던 경험이 있으시네요?"
"1429","(주)현대리바트","우리회사 광고모델로 적합한 사람은 누구인가?"
"1430","(주)현대리바트","회사의 강점이 무엇이라고 생각하시나요?"
"1431","(주)현대리바트","지원하게 된 동기는?"
"1432","(주)현대리바트","직무에 있어서 필요한 것이 무엇인가?"
"1433","(주)현대리바트","입사 후 포부는?"
"1434","(주)농협사료","조합과의 관계 형성을 어떻게 할것인가"
"1435","(주)농협사료","농협사료에 대해 아는것을 말하라"
"1436","(주)농협사료","영업에서 가장 중요한것은 무었인가"
"1437","푸르덴셜생명보험","왜 남들 다 하기 싫어하는 보험업을 선택했느냐?"
"1438","푸르덴셜생명보험","인생에서 모든 것을 포기하더라도 꼭 이루고자 하는 간절한 소원이 있느냐?"
"1439","푸르덴셜생명보험","이루지 않으면 안될 인생의 목표가 있느냐?"
"1440","(주)대웅","연구내용에 대한 상세한 질문"
"1441","(주)대웅","회사의 어떤 파트에 기여할 수 있는가"
"1442","(주)대웅","영어회화 어느정도 가능한가?"
"1443","(주)대웅","교육기획 쪽으로 지원한 이유는요?"
"1444","(주)대웅","저희 기업에 대해 아시는 점은요?"
"1445","(주)대웅","경력에 대해 설명해주세요"
"1446","(주)선진","정비가 왜 하고싶은가?"
"1447","(주)선진","무엇을 준비하였나?"
"1448","(주)선진","왜 이브랜드를 선택했나?"
"1449","(주)동원홈푸드","경력 사항에 대한 질문"
"1450","(주)동원홈푸드","지원이유 질문"
"1451","(주)동원홈푸드","각오"
"1452","(주)동원홈푸드","식품회사에 경험이 있는지"
"1453","(주)동원홈푸드","생산직 경험있는지"
"1454","(주)동원홈푸드","보건증있는지"
"1455","(주)동원홈푸드","자기소개(자유롭게)"
"1456","(주)동원홈푸드","영양사와 조리사간의 갈등 해결방안(선착순 질문)"
"1457","(주)동원홈푸드","식단가 낮은곳 높은곳 선택하고 그 이유 (공통질문)"
"1458","(주)동원홈푸드","경력사항"
"1459","(주)동원홈푸드","이직사유"
"1460","(주)동원홈푸드","지원동기"
"1461","(주)동원홈푸드","자신이 생각하는 생산관리란?"
"1462","(주)동원홈푸드","자신이 생각하는 생산관리의 가장 큰 문제점은?"
"1463","(주)동원홈푸드","생산성이란?"
"1464","(주)팜스코","첨부된 논문에 대한 상세 질문"
"1465","(주)팜스코","입사하여 개발하고 싶은 제품"
"1466","(주)팜스코","부전공 선택이유"
"1467","(주)대명화학","자기소개"
"1468","(주)대명화학","자기소개를 바탕으로 직무경험 및 인성부분에 대한 물음"
"1469","(주)대명화학","회사가 외관상 지주회사이지만 자회사 대비 처우가 조금 불편하다면 감내가능한지?"
"1470","(주)대명화학","팀이 분화가 잘 되어있는게 바람직한지 유기적인 것이 바람직한지에 대한 본인의 생각?"
"1471","(주)대명화학","회사가 시내와 분리되어 주변에 편의시설 등이 없는데 괜찮은지?"
"1472","한국콜마(주)","왜 이 직무인가"
"1473","한국콜마(주)","나의 강점 일화소개"
"1474","한국콜마(주)","전공에서 배운 것 중 직무관련 내용"
"1475","한국콜마(주)","본인이 제일 잘하는 것"
"1476","한국콜마(주)","회사 인재상"
"1477","한국콜마(주)","출퇴근 방식"
"1478","한국콜마(주)","영 칼로리의 정의란 무엇인가"
"1479","한국콜마(주)","미래에 각광받을 건강 기능성 식품은 무엇인가"
"1480","한국콜마(주)","가장 감명 깊게 읽은 책은 무엇인가."
"1481","한국콜마(주)","자기소개 1분안으로 해보시오"
"1482","한국콜마(주)","회사소개 간단하게 해보시오"
"1483","한국콜마(주)","자신의 장점은?"
"1484","(주)이수화학","자기소개 및 지원동기"
"1485","(주)이수화학","알고 있는 회사 공정에 대한 설명 (ex. 어떤 촉매 사용하는지 아는가?)"
"1486","(주)이수화학","리더로서 어떤 자질이 가장 중요한지?"
"1487","(주)엠씨넥스","경력사항에 대한 상세한 소개"
"1488","(주)엠씨넥스","지원 동기"
"1489","(주)엠씨넥스","전 직장 연봉, 복지사항"
"1490","(주)엠씨넥스","해당 경력 사항은?"
"1491","(주)엠씨넥스","우리 회사 들어오면 고객 대응이 힘들텐데?"
"1492","(주)엠씨넥스","언제부터 다닐 수 있나요?"
"1493","(주)엠씨넥스","우리회사에 대해서 아는것은?"
"1494","(주)엠씨넥스","왜 이 직무를 택했는가?"
"1495","(주)엠씨넥스","회사지원동기?"
"1496","한전KPS","도전했던 경험"
"1497","한전KPS","우리회사가 고객을 상대로 서비스 지원을 하는데 고객을 만족시킨 경험이 있는지"
"1498","한전KPS","마지막 할 말"
"1499","한전KPS","싫어하는 사람과 일해본 경험"
"1500","한전KPS","조직을 위해 본인이 노력해서 성과를 낸 경험"
"1501","한전KPS","주도적으로 문제를 해결하기위해 노력한 경험"
"1502","한전KPS","자기소개"
"1503","한전KPS","대부분 자소서 기반 질문"
"1504","한전KPS","자소사 기반 질문"
"1505","한전KPS(주)","도전했던 경험"
"1506","한전KPS(주)","우리회사가 고객을 상대로 서비스 지원을 하는데 고객을 만족시킨 경험이 있는지"
"1507","한전KPS(주)","마지막 할 말"
"1508","한전KPS(주)","싫어하는 사람과 일해본 경험"
"1509","한전KPS(주)","조직을 위해 본인이 노력해서 성과를 낸 경험"
"1510","한전KPS(주)","주도적으로 문제를 해결하기위해 노력한 경험"
"1511","한전KPS(주)","자기소개"
"1512","한전KPS(주)","대부분 자소서 기반 질문"
"1513","한전KPS(주)","자소사 기반 질문"
"1514","(주)종근당","전공에 대한 설명"
"1515","(주)종근당","지원 직무에 대한 이해"
"1516","(주)종근당","자소서 기반 학력 성격 등 질문"
"1517","(주)종근당","성실한가, 체력이 좋은가"
"1518","(주)종근당","취미, 특기"
"1519","(주)종근당","얼마나 오래 다닐수 있냐 등"
"1520","(주)종근당","전직장에서의 담당업무"
"1521","(주)종근당","본인의 강점"
"1522","(주)종근당","이직 사유 및 우리회사에서 어떤 가치를 창출할 수 있는지"
"1523","(주)종근당","직무중심의 질문"
"1524","(주)종근당","자기소개"
"1525","(주)종근당","지원동기"
"1526","(주)종근당","왜 우리 회사로 이직하고 싶은지?"
"1527","(주)종근당","왜 많은 제약사 중에서도 종근당인지?"
"1528","(주)종근당","본인이 잘 하는 취미를 판매해본다면?"
"1529","(주)동희홀딩스","직무관련 질문"
"1530","(주)동희홀딩스","회사에 대해 알고 있는 것 (조사한 것)"
"1531","(주)동희홀딩스","영어/전공 성적"
"1532","(주)동희홀딩스","희망 연봉"
"1533","(주)동희홀딩스","부모님을 존경하는 이유."
"1534","(주)동희홀딩스","왜 계약직을 선택했냐+추후 정규직을 전환할것이냐"
"1535","(주)동희홀딩스","계약직과 정규직에 차이를 아는가"
"1536","(주)동희홀딩스","취미나 특기가 있는가"
"1537","(주)동희홀딩스","일을 하게된다면 어떤 업무를 하는지 아는가"
"1538","(주)동희홀딩스","부모님께서 고민과 걱정하는게 있다면 무엇인지 알고있는가"
"1539","세방전지(주)","이직 하려는 사유??"
"1540","세방전지(주)","우리 회사에 대해 얼마나 알고 있는가??"
"1541","세방전지(주)","본인이 생각하는 영업이란? 잘할 수 있는 이유는?"
"1542","광동제약(주)","자기소개"
"1543","광동제약(주)","회사에 대해 아는 것 말해봐라"
"1544","광동제약(주)","영업과 마케팅의 차이"
"1545","광동제약(주)","ERP 사용가능, 지원동기, 자기소개"
"1546","광동제약(주)","업계 상위권"
"1547","광동제약(주)","업계 상위권"
"1548","(주)에스에이엠티","직무란 무엇인가"
"1549","(주)에스에이엠티","자신의 장단점"
"1550","(주)에스에이엠티","회사를 선택한 이유"
