"","면접질문"
"1","팀원 중 한명이 능력이 떨어지면 어떻게 할것인가?"
"2","OO씨가 생각하는 리더십이란 무엇이가?"
"3","입사해 제품을 개발한다면 어떤 제품을 개발하고 싶은가?"
"4","입사를 한다면 어떤식으로 업무에 응할 것인지"
"5","경력직 이직인데 이직한 이유가 있는지"
"6","업무절차 프로세스 질문을 함 ex)관공서 대응"
"7","자기소개"
"8","이직 사유"
"9","마지막으로 하구 싶은 말"
"10","아르바이트 경험"
"11","왜 지원을 했는지"
"12","잠은 잘 자는 편인지"
"13","동아리 활동"
"14","기업의 사회적책임에 대해서 어떻게 생각하는가?"
"15","전자공학전공이신데 왜 공정기술직무로 지원하셨나요?"
"16","대외활동중에서 가장 기억에 남는 활동은?"
"17","설비를 직접해본적이 있는가?"
"18","~~으로 상을 받았는데 ~~은 무엇인가?"
"19","자격증 무엇을 땄는가?"
"20","부당한 지시가 있다면 어떻게 할 것인가?"
"21","선배에게 정당한 지시를 하려고 하면 어떻게 할 것인가?"
"22","p형, n형 반도체는 무엇인가?"
"23","본인의 창의적인 경험을 말해보세요."
"24","본인의 학점이 상당히 좋은데 대학시절 혹시 공부만 한 건 아니었나요? or 비결이 무엇이라고 생각하나요?"
"25","우리 회사에서 인턴을 했는데 최종면접에서 전환이 안 되었는데 그 이유는 무엇이라고 생각하나요?"
"26","LOCOS 공정에 대해 설명해 보세요."
"27","conformal한 증착을 위해 필요한 조건을 아는 대로 말해 보세요."
"28","이전직장에서 무슨업무했는지?"
"29","왜 이직하는지?"
"30","그 전 회사가 다수일경우 두개회사 비교질문"
"31","포트폴리오 기반 질문"
"32","갈등 발생 시 어떻게 해결"
"33","상사와 트러블 시 어떻게 해결"
"34","스스로의 강점? 다른 지원자보다 우수하다고 생각하는점"
"35","입사전경험은무엇인지?"
"36","전공을 어떻게 살리고 싶은지?"
"37","해본 직무들은 어떤것이 있나요?"
"38","현대자동차에대해 어떻게 생각하시나요?"
"39","자동차란 무엇입니까?"
"40","프로젝트 진행 중 고충 및 해결방안"
"41","학점이 많이 낮은데 왜그런건지"
"42","만일 떨어지면 다른데 지원할곳 있는지"
"43","회사를 선택한 이유"
"44","기억에 남았던 실습"
"45","나의 장점"
"46","강약점"
"47","취미생활"
"48","어려운점 극복"
"49","경력사항과 퇴사이유"
"50","취미와 특기"
"51","자격증 관련 질문"
"52","간단한 자기소개 한번 해보세요."
"53","입사를 하게되면 2년 계약직으로 근무하는데 어떤 미래를 바라보고 근무 할건가요??"
"54","경력사항이 별로 없는데 이유가 있나요??"
"55","자격증 관련 용어 질문"
"56","자소서 기반한 질문"
"57","출근에 관련한 질문"
"58","그 전 회사는 왜 퇴사했어요?"
"59","비영리쪽 커리어는 생각을 안해봤어요?"
"60","왜 무인 택배가 상용화되려는 움직임이 있는 것 같아요?"
"61","성격 장단점 / 자소서기반 질문"
"62","10년후 입사후 포부 / 자소서기반 질문"
"63","성장과정/ 자소서기반 질문"
"64","이전 근무지에서 트러블은 없었나?"
"65","직무를 위해 준비한게 있나?"
"66","본인성격의 단점이 뭐라고생각하나?"
"67","최근 한전 이슈는?"
"68","어느 직무를 하고싶은지? 하고 싶은 직무 있는지?"
"69","1분 자기소개"
"70","지난 직장의 경력소개"
"71","학교소개"
"72","경력이 상이한데 어떻게 적응할지"
"73","본인의 좌우명은?"
"74","어느 위치까지 올라가고 싶은가?"
"75","회사 지원동기"
"76","경력에 대한 세부 질문"
"77","실무에 대한 질문 (철골기준, 콘크리트 타설기준 등)"
"78","이직사유"
"79","이전 회사에서 퇴사한 사유"
"80","통근 하는데 문제는 없는지?"
"81","출근시간이 이른데 괜찮은지?"
"82","관심있는 직무 분야는?"
"83","공장이 포항에 있는데 지방 근무 자신 있는지?"
"84","학교에서 재밌게 들었던 과목은?"
"85","포스코 전망에 대해 어떻게 보는가?"
"86","포스코 재무제표 어떤 것 같은지?"
"87","지원동기"
"88","상황질문"
"89","자신의 강점"
"90","자기소개서는 형식적인거고, 본인이 포스코케미칼에 들어오기위해 노력한 것은 어떠한 것이 있습니까?"
"91","봉사활동 실적(260시간)이 많은데 봉사를 하게된 결정적 계기는?"
"92","연고지가 없는 지역에서의 직장생활 어떻게 생각하시나요?"
"93","마지막으로 하고싶은 말이 있나요?"
"94","왜 탈산제를 알루미늄으로 만드는가?"
"95","가장 잘 아는 원소 1가지에 대해 설명해보라"
"96","고로와 전기로의 차이점은?"
"97","자신에게 가장 맞는 색깔은?"
"98","가장 존경하는 인물은?"
"99","이전 경력사항에 대한 질문"
"100","보유 기술"
"101","이직 사유"
"102","사무직과 현장직의 차이"
"103","전기직무면접 RLC는 각각 무엇을 의미하는가?"
"104","봉사활동을 많이한 이유"
"105","교내외 수상이 많은 이유"
"106","포스코를 지원하게 된 이유"
"107","본인이 CEO라면 회사의 이윤을 어디에다 활용한 것인가?"
"108","포스코 매출액"
"109","IOT란?"
"110","존경하는 인물 가족 선생님 제외 포스고 관련 제외"
"111","다른 사람은 자격증 있는데 왜 자격증이 없어요?"
"112","회사랑 관련없는 제작 대회나 참가했는데 이게 무슨 도움이 되죠?"
"113","인터넷 댓글로 안 좋은 댓글 달아서 사람들 자살하고 그러잖아요? 인터넷 실명제와 익명제에 대해 찬반을 말하고 그 이유를 말하세요."
"114","학력 및 경력사항에 관한 질문"
"115","지원분야 업무에 대한 이해도"
"116","입사 후 포부"
"117","영어를 잘하는가?"
"118","화약에 대해 논해보시오"
"119","플랜트 시장에서 한국이 살아남으려면?"
"120","Why did you apply to this job?"
"121","왜 우리회사를 선탹하였는가?"
"122","지원한 업무가 무슨일인지 설명하시오."
"123","이직 사유"
"124","VCB와 ACB 차이점을 아는가"
"125","직장 생활에 있어 중요하다고 생각하는것은?"
"126","근무지가 지방인데 와서 적응할 수 있는지"
"127","상사가 부당한 지시를 하면 어떻게 할 것인가?"
"128","JIS 시스템에 대해 들어본 적이 있는지"
"129","팀원간의 갈등이나 불화를 겪었던 경험 여부와 해결 방법"
"130","만약 최종합격된다면 먼저 연락할사람은 누구인가"
"131","지원한 직무에대해서 얼마만큼 알고 있는지"
"132","경력에 관련하여 상세질문"
"133","해당직무에대해 알고있는지?"
"134","입사 후 어떻게 업무를 처리해 나갈것인지"
"135","일하면서 힘들고 짜증났을때 어떻게 대처하였는지"
"136","본인의 성격이 내향적인지 외향적인지"
"137","본인은 인내심있는 성격이라고 생각하는가? 예시를 들어보세요."
"138","자기소개해주세요."
"139","이전 회사퇴사 사유"
"140","석사 학위 이후 계획"
"141","사회생활 중 어려웠던 경험"
"142","자신의 성격은?"
"143","경력 사항은?"
"144","구직기간 동안 무엇을 했는지?"
"145","1분자기소개해보세요"
"146","자소서 경력질문"
"147","힘들엇던 경험 극복사례"
"148","본인의 커리어 골은 무엇이며 어떤 역할을 기대하고 있습니까?"
"149","본인이 생각하는 SK이노베이션의 비즈니스 측면에서의 SWOT 분석은?"
"150","비즈니스 상황을 제시하며 이러한 경우 본인이 제시할 수 있는 솔루션은?"
"151","1분 자기소개서"
"152","지원동기"
"153","지원기간 근무 및 환경"
"154","박사과정은 생각안해봤는지?"
"155","왜 우리회사에 오고싶은가?"
"156","자소서 기반의 날카로운 질문들"
"157","쉬는 날 어떻게 시간을 보내는가?"
"158","나보다 나이가 어린 사람이 선임일 경우 어떨거 같은지?"
"159","자신의 강점"
"160","조경분야에서 경험한 것은 무엇인가?"
"161","현장에서 동료들과 어떻게 함께 일을 할 것인가?"
"162","혹서 또는 혹한에도 야외에서 일할 수 있는가?"
"163","전 직장에서 제일 인상깊었던 일"
"164","패션 트렌드를 어떻게 알아가고있는지"
"165","지원동기"
"166","현재 회사도 좋은데 lg화학을 지원한 이유는?"
"167","자기소개 1분"
"168","자기 소개에서 말한 경력사항을 자세히 말해보세요"
"169","경력이 짧은데 왜 당신을 뽑아야하는지 이유를 말해보세요"
"170","오는 거리"
"171","단기로 할수 있는지"
"172","스캔업무 경험 있는지"
"173","자신의 미래의 종착지와 LG화학을 연관시켜 애기해보세요"
"174","자기 자신을 한가지 단어로 표현하고 이유를 말해보세요"
"175","자격증을 왜 많이 땄는지"
"176","자신이 딴 자격증은 LG화학에게 어떤 도움이 되는지"
"177","자신이 집과 먼 곳에서 근무하게 된다면 직무에 지장이 가지는 않는지"
"178","경력을 토대로한 자기소개"
"179","LG화학에서의 업무 계획"
"180","지원 동기"
"181","보유 기술 질문"
"182","해당 경험 질문"
"183","대처능력"
"184","지원동기"
"185","팀원과 협력한 경험"
"186","실패했던 경험"
"187","인천지역이 어떻게 재생되면 좋을지, 본인의 역량이 어떻게 도움이 될지"
"188","지원한 지역의 현재 도시재생 현황은?"
"189","인턴십이 끝나도 계속해서 이 분야에서 일을 할 것인가"
"190","생산에서 가장 중요한 것은?"
"191","우리공장 제품은 뭐가 있나?"
"192","나이어린 선배도 있을 수 있는데 어떤 마음가짐으로 일을 하겠는가?"
"193","집이 어딘지, 어디서 왔는지(집 가까운 사람을 선호하는 분위기)"
"194","우리 부서가 어떤 연구를 하는지 알고 있는지"
"195","석사 때 했던 실험이 우리 직무와 비슷한데 모든 과정을 다 할 줄 아는지"
"196","석사 때 논문들이 대부분 어떤 내용인지"
"197","그 외 다뤘던 실험에 대한 자세한 꼬리질문들"
"198","감압변과 안전밸브차이."
"199","psm 운영 시 어려웠던점은?"
"200","예전 회사와 식품 회사는 다른데 어떻게 관리할 생각인지"
"201","식품영업이 무엇이라고 생각하는가?"
"202","다른 회사에도 지원했는가?"
"203","타인과 의견 충돌 시 어떻게 대처하는 스타일인가?"
"204","경력사항 1분 소개"
"205","자신의 성격"
"206","평소 인간관계"
"207","본인은 CJ제일제당에서 어떠한 인재가 될 수 있는가?"
"208","식품 관련 일을 하기 위해 노력한 것은?"
"209","지원 공장에 지원한 이유?"
"210","CJ제일제당에 지원한 이유?"
"211","가공식품이 건강에 미치는 영향?"
"212","선배가 직무 수행에서 불법을 저질렀습니다. 어떻게 대처하시겠어요?"
"213","본인은 열심히 살아왔다고 생각하세요?"
"214","가장 기억에 남는 것이 무엇인가요?"
"215","공압과 유압에 대해서 면접관에게 설명해주세요"
"216","회사를 지원한 계기"
"217","회사에서 힘든 일이 있을때 해결은 어떻게 하겠느냐"
"218","석사 때 연구주제에 관한 질문"
"219","석사 때 연구했던 것을 회사에서 어떻게 써먹을 수 있을지"
"220","본인의 연구 주제에 대한 기여도"
"221","LG디스플레이만이 가지고 있는 제품은?"
"222","W-OLED에 대한 설명?"
"223","LG를 지원하게 된 이유?"
"224","회사에대해 아는게 무엇이 있나요"
"225","입사하여 하고싶은 업무는"
"226","왜 지원했나요"
"227","지원동기"
"228","본인의 직무관련 장점"
"229","본인의 성격의 단점"
"230","부모님과의 관계"
"231","상사와 트러블시 태도"
"232","회계학적 지식"
"233","언어능력테스트"
"234","회사에서 이루고 싶은 목적"
"235","인생에서의 목적"
"236","전공공부를 한 이유"
"237","자기소개 및 지원동기"
"238","회사에 대해 아는지"
"239","경영쪽 직무가 잘 맞는지"
"240","기존에 어떠한 직무를 하였는지"
"241","본인이 이 직무를 선택한 이유"
"242","본인이 선발 되어야 하는 이유"
"243","경력이 어떻게 되나"
"244","특허에 대해서 잘 아나?"
"245","우리가 본인과에 맞지 않는 부분도 있는데 왜 지원했나?"
"246","가장 재미있었던 대학 강의는?"
"247","뉴딜정책에서의 kt의 구체적 역할은?"
"248","ip 클라스 설명해보라"
"249","자기소개를 해보세요"
"250","본인 전공을 지원 직무에 응용할 방안에 대해 생각해본 것이 있나"
"251","자소서에 oo내용을 지원 동기라고 적었는데, 좀 더 상세하게 설명해줄 수 있나"
"252","도피성 지원이 보이는데 본인이 왜 해당 직무가 맞는지 면접관을 설득해 보세요."
"253","거주지와 달라도 상관이 없나요?"
"254","희망 연봉은 어떻게 되나요?"
"255","타 회사에 있었는데 왜 여기로 이직 지원을 했나요?"
"256","강사로서 하고 싶은 일은?"
"257","통신업무에 대해 얼마나 알고 있는가?"
"258","어떤 강의를 하고 싶은가?"
"259","특허 관련해서 알고 있는 것"
"260","우리 회사가 하는 일은"
"261","입사후 어떻게 할 것인가"
"262","자기소개 30초 이내로 간단하게"
"263","2금융권과 1금융권의 차이점? 본인이 느낀 2금융권의 장단점?"
"264","(롤플레잉면접)근무중 취준생이 내방해 계속 질문을 한다면 어떻게 대처할 것인지?"
"265","뭐하다가 왔나"
"266","유통쪽 경험이 있나"
"267","우리 회사중 방문한 곳과 느낀점"
"268","자기소개"
"269","이마트와 이마트 트레이더스에 차이점"
"270","다른 유통업에 경험이 있다면 왜 이마트로 지원을 하였는지"
"271","대체적으로 다른 곳에서 일해보았는데 유통이나 영업부분이라면 그것에대하여 질문한다."
"272","원하는 곳에 배치 되어지지 않았을 때 어떻게 할 것인가"
"273","어렸을 때 부터 지금까지 이룬 것."
"274","이마트가 다른 대형마트보다 앞서 나갈 수 있었던 이유"
"275","앞으로 이마트에 방향"
"276","요새 대형마트들이 다 무너지고 있는 실정에서 어떻게 극복할 것인가"
"277","이번 채용전 이마트에브리데이를 방문한 경험이 있는가?"
"278","육체적으로 힘들수 있다. 잘버틸수있는가?"
"279","자기소개서 항목중 1~2개 항목 질문"
"280","간략한 자기소개"
"281","지원하는 업종에서 우리 회사가 다른 회사와의 차별점은?"
"282","업무에서 가장 중요하다고 생각되는 요소는 무엇인가"
"283","자기소개, 직무내용, 지원동기"
"284","스트레스 해소 방법"
"285","마지막으로 하고 싶은 말"
"286","경력사항에 대한 상세한 질문과 퇴사사유"
"287","스트레스 관리"
"288","어떤업무인지 알고 지원했는가"
"289","삼성화재 텔러가 어떤 업무 하는지 아는가?"
"290","우리 회사를 지원하게 된 이유"
"291","전에 다니던 회사는 어떤회사인가?"
"292","보험이 왜 필요하다고 생각하는가?"
"293","행복은 무엇이라고 생각하는가?"
"294","스트레스 해소법은?"
"295","회사에 지원한 이유"
"296","전 회사 퇴사 사유들 질문"
"297","야근이 발생해도 괜찮은가"
"298","다른 회사 어디 썼나"
"299","회사를 선택한 이유"
"300","산업에 대한 이해"
"301","나의 가치관은?"
"302","전 직장 퇴사시 퇴사이유?"
"303","회사 지원동기는?"
"304","현대제철을 모르는 사람에게 현대제철을 소개한다면?"
"305","지원동기는?"
"306","일을 잘하는 것과 열심히 하는 것 중 더 중요한 것은?"
"307","가장 많이 사용하는 엑셀 함수는?"
"308","경력과 다른 직무일 경우, 경력과 다른 직무인데 지원하게 된 이유는?"
"309","지원자분을 뽑아야되는 이유는?"
"310","자기소개 필수"
"311","일이 힘들때 어떻게 대처하는지"
"312","출퇴근 관련 질문"
"313","어떤일을 해왔는가 ?"
"314","우리회사장점은?"
"315","우리회사의 신제품이 뭐있는가?"
"316","자기소개"
"317","경력직무 상세질문"
"318","마지막 한마디"
"319","자기소개"
"320","지원동기"
"321","직무경험"
"322","은행에 지원하게 된 계기?"
"323","기업은행 지점에 방문해본 경험?"
"324","이력서 기반 경험면접"
"325","일의 가치는 무엇이라 생각하는가?"
"326","본인의 전공외에 플랜트 다른 분야에 대해서 아는 지식이 있는가?"
"327","철손에 대해서 설명하시오."
"328","어디사느냐"
"329","경험있느냐"
"330","나이"
"331","이직하려는 사유는?"
"332","지금까지의 경력에 대해 간단하게 소개 후 현재 맡고 있는 업무 설명."
"333","현재 하고 있는 업무 외에 다른 업무 수행도 가능한가?"
"334","회사에 대해 얼마나 아는지"
"335","정산업무에 대해 얼마나 아는지"
"336","본인의 강점은"
"337","실 업무내용 물어봄"
"338","복지"
"339","복지"
"340","경력 마지막근무지"
"341","Erp사용기능여부"
"342","엑셀 사용여부"
"343","회사에 지원하게된 이유"
"344","하게될 일이 생각보다 단조로울수 있는데 괜찮은지"
"345","영어는 잘 하는지"
"346","성적관리는 어떻게 했는지?"
"347","여러명의 선배들이 동시에 일 시키는데 다 급하다 하면 누구꺼 먼저 처리할건지?"
"348","신입사원으로서 선배들과 친해지기위해 어떻게 행동할건지?"
"349","나이가 너무 어린데, 근무 잘 하실수 있으세요?"
"350","어디에 사세요?"
"351","회사경력있으신가요?"
"352","사는지역?"
"353","가족?"
"354","성격은?"
"355","회사에 지원하게된 동기"
"356","자기자신에 대한 평가"
"357","자기가 이회사에 필요하다생각하는 이유는"
"358","성격의 장단점"
"359","회사의 홈페이지중 가장 기억에 남는 것"
"360","개개인의 활동 내용"
"361","특이한 경력사항이 있는데 왜 자사에 지원했는지"
"362","일이 힘든데 괜찮은지"
"363","회사를 선택한 이유"
"364","Ex) 경력사항에 대한 상세한 질문"
"365","Ex) 엑셀 사용 능력"
"366","Ex) 근무 가능 기간"
"367","자기소개해보세요"
"368","영어로 이야기해보세요"
"369","어떤 일을 하고싶어요"
"370","회사를 선택한 이유?"
"371","스트레스 해소법?"
"372","기업의 사회적 역할이 무엇?"
"373","결혼유무"
"374","왜 나를 불렀을까? 하고 역으로 물어봄"
"375","만족하는 연봉"
"376","무슨일을 했는가?"
"377","연봉은 얼마를 받았었는가?"
"378","도전정신이 있는가?"
"379","경력사항"
"380","강점"
"381","평균급여"
"382","지원동기"
"383","최근 즐거웠던 일"
"384","자신을 한문장으로 표현하는 좌우명"
"385","어디사냐?"
"386","교대근무 가능하냐?"
"387","기숙사필요하냐??"
"388","어학점수 이외에 해외경험 있나?"
"389","해외에서 불편했던 점은?"
"390","근무지에 적응할 수 있겠나?"
"391","입사지원 동기"
"392","전직에서의 업무"
"393","3조 2교대 근무 가능여부"
"394","재직 가능 기간"
"395","향후계획"
"396","자기 소개"
"397","지원 동기"
"398","이전 직장의 주 업무"
"399","본인이 맡게 될 직무에 대하여 어느 정도의 이해도가 있는가?"
"400","입사 후 어떠한 기여를 할 수 있는지"
"401","고객님이 원하는 상품이 결품이 되었을때 어떻게 대처를 할것인가?"
"402","여러가지 유통회사가 있는데 왜 GS인가?"
"403","지금 까지 일을 해오면서 성공 실패 사례"
"404","교대근무를 해봤는지 어떻게 생각하는지"
"405","회사의 장단점 그리고 선택한 이유"
"406","자기소개1분과 마지막 한마디"
"407","교대근무 할 수 있는가?"
"408","체력관리 어떻게 하는가?"
"409","친구랑 만나면 무엇을 하며 노는가?"
"410","살면서 가장 기뻣던점"
"411","살면서 가장 힘들었던점"
"412","힘들었을때 극복과정"
"413","이전 직장에서 방진복을 착용하고 근무했나?"
"414","성적이 좋은데 학업을 마치고 더 좋은 곳으로 가지 않고 여기 온 이유?"
"415","면접자보다 어린 친구들이 선배인데 적응이 가능하겠나?"
"416","갈등상황에서 어떻게 해결했는지, 어떻게 리더십을 발휘했는지 경험"
"417","본인에 대한 주위의 평가"
"418","가장 인상적이였던 박람회부스(박람회 갔었다는 대답에대한 질문)"
"419","학업 이외에 열정적으로 임했던 경험"
"420","이 직무에 지원한 이유"
"421","회사나 직무 관련 사회경험이 있는지"
"422","백회점에서 일해 본 적 있나요?"
"423","우리 회사를 선택한 이유는?"
"424","lg브랜드 화장품 중에 얼마나 아나요?"
"425","본인의 좌우명은?"
"426","어느 위치까지 올라가고 싶은가?"
"427","회사 지원동기"
"428","이전 회사에서 퇴사한 사유"
"429","통근 하는데 문제는 없는지?"
"430","출근시간이 이른데 괜찮은지?"
"431","좋은 서비스를 하기 위한 승무원으로써의 자질은?"
"432","우리 회사의 단점과 개선방법"
"433","자신이 뽑혀야 한다고 생각하는것 한문장으로?"
"434","경력에 대한 질문들"
"435","어떤 비전을 가지고 있는지"
"436","대한항공에 대한 생각들"
"437","남들보다 이것만큼은 자신있다 하는것"
"438","살면서 힘들었던 경험"
"439","자기소개"
"440","서비스란 무엇인가?"
"441","해당 직종을 위해 노력한 것은 무엇인가?"
"442","기내 상황 롤플레이"
"443","대한항공에 관심을 가지게 된 계기는?"
"444","입사 후 하고 싶은 일"
"445","입사를 하기 위해 노력한 점"
"446","자신의 강점"
"447","이전 직장에서 무슨일을 했는지"
"448","승무원이 되고싶은 이유"
"449","우리 회사에 대해서 얼마나 아는지?"
"450","테라타워가 무슨 브랜드인지 아는지?"
"451","맡은 직무가 하는 일이 뭔지 아는지?"
"452","이전 회사에서는 어떤 업종의 회사이며, 어떤 일을 하였급니까?"
"453","당신의 인간관계는 어떻다고 생각하십니까?"
"454","해야 할 일과 하고 싶은 일 중 어떤 것을 선택하겠습니까?"
"455","지원한 업무에 대해 얼마나 알고있는지 질문"
"456","현대 소속이지만 파견 업무라 힘들다는것을 강조하며 할수있는지 질문"
"457","그전에 다녔던 회사에 대해 어떤일을 하고 어떤회사인지에 대한 질문"
"458","전기시공 관리 에서 발주처 대응에 대한 질문"
"459","인지도 면 에서 좋다"
"460","연봉이 높다"
"461","TWA 값에 대해 알고있는 물질 이야기해보세요"
"462","현대엔지니어링에 대해 알고 있는 것을 말해주세요"
"463","이전회사의 퇴사사유는?"
"464","대기업을 그만둔 이유"
"465","자신만이 가지고 있는 핵심역량"
"466","회사 입사 후 포부"
"467","2년제 비서과와 4년제 비서과의 차이점"
"468","비서자격증이 무엇인지 설명해라"
"469","회사에 대해 알고 있나"
"470","프로젝트 진행 시 담당했던 역할과 개발한 기능은?"
"471","프로젝트 진행하면서 발생했던 문제점은?"
"472","취업 외에 관심있는 것이 있다면?"
"473","직무설명"
"474","최근 했던 직무 설명"
"475","직무 경험시 문제였던 점"
"476","현재 회사도 좋은데 lg화학을 지원한 이유는?"
"477","자기소개 1분"
"478","자기 소개에서 말한 경력사항을 자세히 말해보세요"
"479","경력이 짧은데 왜 당신을 뽑아야하는지 이유를 말해보세요"
"480","오는 거리"
"481","단기로 할수 있는지"
"482","스캔업무 경험 있는지"
"483","백회점에서 일해 본 적 있나요?"
"484","우리 회사를 선택한 이유는?"
"485","lg브랜드 화장품 중에 얼마나 아나요?"
"486","특이한 경력사항이 있는데 왜 자사에 지원했는지"
"487","일이 힘든데 괜찮은지"
"488","회사를 선택한 이유"
"489","Ex) 경력사항에 대한 상세한 질문"
"490","Ex) 엑셀 사용 능력"
"491","Ex) 근무 가능 기간"
"492","자신의 미래의 종착지와 LG화학을 연관시켜 애기해보세요"
"493","자기 자신을 한가지 단어로 표현하고 이유를 말해보세요"
"494","자격증을 왜 많이 땄는지"
"495","자신이 딴 자격증은 LG화학에게 어떤 도움이 되는지"
"496","자신이 집과 먼 곳에서 근무하게 된다면 직무에 지장이 가지는 않는지"
"497","경력을 토대로한 자기소개"
"498","LG화학에서의 업무 계획"
"499","지원 동기"
"500","경력 사항에 대한 상세한 질문"
"501","이직 사유"
"502","근무지(평택, 서산)에 대한 본인의 견해"
"503","성격장단점"
"504","자기소개1분"
"505","뜬금없는질문1개"
"506","경력 사항에 대한 질문 (다니던 회사에서 어떤 업무)"
"507","영문 이메일 작성 가능 여부"
"508","평소 업무 처리 스타일 (빠르게/정확하지만 천천히/선배들과 상의하여 등)"
"509","자바 개발 경력이 있나요?"
"510","현대상선이 어떤 회사 인지 아나요?"
"511","오라클 실력이 어떻게 되나요?"
"512","본인이 가지고 있는 경력을 현대상선에서 어떻게 성과를 낼 수 있나요?"
"513","자금 조달 업무 관련하여 유사 혹은 동일 업무를 경험한 적이 있는가?"
"514","계약직으로 근무한 회사에서 이직한 사유는 무엇인가?"
"515","현재 회사 업무 중에서 가장 벅찼던 업무는 어떤것인지?"
"516","주량, 학창시절 성적 관련 개인 질문"
"517","경력 사항에 대한 상세질문"
"518","회사 제품에 대한 설명과 제품을 어떤 방식으로 설계 할 수 있는가"
"519","방금 한 질문에 대한 대답을 영어로 해 주세요."
"520","취미와 가족사항, 가족들은 뭐하는지? 주말에 뭐하고 지내는지"
"521","자기소개를 해보세요"
"522","본인 전공을 지원 직무에 응용할 방안에 대해 생각해본 것이 있나"
"523","자소서에 oo내용을 지원 동기라고 적었는데, 좀 더 상세하게 설명해줄 수 있나"
"524","경력사항"
"525","지원을하게된이유"
"526","입사후포부"
"527","1분자기소개"
"528","취미,특기"
"529","자신의 장단점"
"530","15년 후 자신의 모습"
"531","자신의 별명은?"
"532","마지막으로 할 말"
"533","회사에 대해 알고 있는가?"
"534","취미생활 중 (책) 어떤 걸 하였는가?"
"535","쉬는 기간동안 뭐했는지"
"536","본인에 대해서 경력위주로 소개해보시오."
"537","소비자 입장으로서 스타필드의 장단점은?"
"538","전회사와 신세계프라퍼티의 차이점은?"
"539","지원하게 된 이유"
"540","평소 우리 브랜드에 대한 관심이 있는지"
"541","우리 회사의 경쟁사는?"
"542","근무조건"
"543","품질관리선택이유"
"544","없습니다"
"545","회사 외식 브랜드에서 일을 하거나 소비자가 된 적이 있나"
"546","이 일과 비슷한 직무를 경험해 본 적 있나"
"547","자신만의 장점을 얘기할 수 있나"
"548","베이커리의 일을 하지 않았던 이유는?"
"549","베이커리에서 일하는 선배들의 조언?"
"550","자신의 비전에 대하 말해라"
"551","해당라인에 품질관리자라면 어떻게운영할지?"
"552","할랄 해보았는지어떤점이 어려운지?"
"553","haacp의 맹점?"
"554","1분자기소개 및 퇴사이유?"
"555","생산관리 직무를 수행함에 있어 개선내용"
"556","재직했었던 회사의 생산환경과 프로레스, 도급운영방식"
"557","왜 굳이 동일업종으로 지원했는지?"
"558","자기소개"
"559","직무관련 알고있는 내용 질문"
"560","장단점"
"561","실패했던 경험"
"562","자기소개"
"563","우리 회사의 강점은?"
"564","이전 직장 퇴사 사유"
"565","경력 사항에 대한 질문"
"566","자기소개"
"567","우리 회사의 강점은?"
"568","경력 사항에 대한 질문"
"569","이전 직장 퇴사 사유"
"570","궁금한 점 있는지..."
"571","EBG를 통해서 이룬 성과"
"572","여러 업무를 경험가능"
"573","옷을 좋아해서"
"574","지원하게된 계기"
"575","다른브랜드와 다른점은"
"576","클레임이 들어왔을때 대처방법"
"577","제출한 포토폴리오 작업시간 얼마나 걸렸나요?"
"578","이정도 작업물은 시간이 얼마나 걸리나요?"
"579","하고싶은 말은?"
"580","지원하게 된 이유"
"581","평소 우리 브랜드에 대한 관심이 있는지"
"582","우리 회사의 경쟁사는?"
"583","팀워크에서 중요한것은?"
"584","회사에 대해 아는점은?"
"585","어떤 업무를 맡고싶은지?"
"586","업무 경력"
"587","지원동기"
"588","근무시간과 인간관계"
"589","기존하던 업무와 다른 업무로 지원한 이유?"
"590","기존 퇴사사유를 보니 워라밸을 중시하는거 같은데?"
"591","업무관련 갈등이 발생했을때 어떻게 해결할지?"
"592","관련경력 및 프로젝트에 대해 문의"
"593","현재 카카오의 캐릭터/콘텐츠와 콜라보레이션하면 어울릴 브랜드"
"594","본인보다 나이가 적은 동료나 상사와 일해본적 있는지(불펴한점이 없을지)"
"595","자기소개서"
"596","어느 부서로 가고싶은가"
"597","반복되는 업무 괜찮은가"
"598","전 직장에서는 왜 그만두었나"
"599","전 직장에서 어떤일을 했었나"
"600","유럽은 얼마동안 다녀온건가"
"601","자신의 장점 어필"
"602","이전 업무와 괴리감이 느껴지면 어떻게 극복하겠습니까"
"603","하이마트에 대해 말해보시오"
"604","이직이유"
"605","우리 회사에 지원한 이유는?"
"606","취미생활이 뭔가요?"
"607","알바경력 있어요?"
"608","동종업계 경력"
"609","회사에 방문해 본적이 있는지"
"610","마지막 할말"
"611","스트레스 해소법"
"612","아르바이트 경험 유무"
"613","회사에 지원하게 된 이유"
"614","하이마트 매장에 개선되어야 할 점"
"615","자신의 인생에서 목표를 이루었던 점"
"616","경력 사항에 대한 자세한 질문"
"617","전공에 관련된 질문"
"618","회사에 궁금한 점"
"619","마곡 집값비싼데 괜찮겠느냐??"
"620","실제로 그 제품은 얼마나 사용되는가?"
"621","기타 제 경력발표중 궁금한것 질문"
"622","경력에 관한 사항"
"623","한국주택 금융공사에 대한 이미지"
"624","회사 지원 동기"
"625","성형외과를 근무했다고 되어있던데 강성 컴플레인의 구체적 예시와 답변을 어떻게 했었는지 말씀해주세요."
"626","BMW에 지원하게된 입사 동기를 이야기해보세요."
"627","어머니께서 BMW차량을 소유하고 계시다고 했는데 차종을 이야기해보세요."
"628","기어 옆에 동그란게 있죠?"
"629","그것의 이름은 어떻게 되나요?"
"630","1,3,5,7 그리고 2,4,6,8 등 이름이 많은데 그것의 분류는 어떻게 되는지 알고 계시나요?"
"631","우리회사에 대하여"
"632","나에 대하여"
"633","나의 힘든시기"
"634","앞으로 트렌드 설명"
"635","본인이 말한 트렌드 영어로 외국인에게 설명해보아라"
"636","책과 영화 중 선호하는것은? 이유"
"637","회사 선택 기준은?"
"638","가장 힘들었던 것은?"
"639","회사 입사 후 비전은?"
"640","이전에 어디서 일했나요"
"641","어디사나요? 버스로 얼마나 걸려요?"
"642","얼마 받고 싶나요"
"643","지원이유"
"644","최신화 사업이 무었인지 아느냐"
"645","관련 전문 단어에 대한 질문"
"646","경력사항"
"647","성격의 단점"
"648","회사를 선택한 이유"
"649","경력사항에 대한 질문"
"650","지원동기 및 미래 포부"
"651","사회경험에 대해서 .."
"652","지원동기 및 전반적인 학교생활(학과의 특성, 전공 수업 등)"
"653","경험 관련(실패한 경험 등)"
"654","상황에 따른 토론 / 직무 관련 내용 질문"
"655","울산으로 오게된 이유?"
"656","어떠한 업무를 해야하는데 할수있을지?"
"657","우리회사에 지원하게 된 동기"
"658","공장의 외관에 대해 느낀점을 말해보세요."
"659","우리 회사의 사업 품목에 대해 알고있습니까? 알고있다면 말해보세요"
"660","생산직 직원들과 많이 부딪힐예정인데 어떻게 하시겠습니까?"
"661","kg의 뜻"
"662","우리 회사에 도움이 될 수 있는 일"
"663","마지막으로 하고 싶은 말"
"664","한국서부발전의 어떤점이 좋아 지원했는가?"
"665","직무에 관한 자기역량 어필"
"666","업무를 해본 경험과 어떤 노력을 했는지"
"667","Why did you apply to this job?"
"668","왜 우리회사를 선탹하였는가?"
"669","지원한 업무가 무슨일인지 설명하시오."
"670","1분 자기소개"
"671","본인이 한 창의적인 행동"
"672","합격한다면 어떤 부서에 가고 싶은지"
"673","공공기관이 갖춰야 할 덕목?"
"674","일경험"
"675","단기근무가능"
"676","누구나 할수 있다."
"677","집과 거리가 먼데 다니는데 문제가 있지 않을까요?"
"678","이전 회사를 그만 둔 이유가 무엇인가요?"
"679","조용해 보이는데 사람을 많이 상대하는 부서인데 괜찮겠어요?"
"680","편집 경험은 있는지"
"681","요즘 유행하는 밈 아는 게 있는지"
"682","얼마 정도 일을 할 수 있는지"
"683","평소 공연을 얼마나 보시는지?"
"684","집콘을 기획하신다면 어떻게 하실건지?"
"685","코로나가 장기화 된다면 어떻게 하실건지?"
"686","회계 관련 경험이 있는지?"
"687","공연기획을 해본다면 어떤 소재로 하고 싶은지?"
"688","포스트 코로나에 공연 부문이 나아가야 할 방향성"
"689","종전근무지 업무는 ? 퇴사사유"
"690","화사에 지원동기와 기업에 대한 이해도 (알바경험얘기함)"
"691","강의 경험 (횟수및 교육인원) 운전가능여부"
"692","전에일하던곳에서는 어떠한일을하엿는가"
"693","자신이 겪어본 경험"
"694","자신에대한 예기를 많이꺼낼수있게 유도질문"
"695","경력사항 전직장에서 했었던 일"
"696","최근에 업계관련이슈"
"697","보유역량"
"698","지원동기"
"699","협력업체 다닌 곳과 어떤 업무를 했는지"
"700","회사를 선택한 이유"
"701","생산관리에서 제일 중요한점은?"
"702","재직했었던 회사의 식품군과 다뤘던 제품수?"
"703","재직했었던 회사의 노무비율과 원부재료비율?"
"704","생산관리에서 주업무? 출근하자마자 하는일 나열해보시오"
"705","왜 자격증이 없냐"
"706","현대그린푸드에 대한 대외적 이미지"
"707","회사 지원동기"
"708","가장 힘들었던 경험은?"
"709","1분 자기소개"
"710","코웨이 지원동기"
"711","디지털 트랜스포메이션에서 업무에 적용하면 좋을만한 기술은?"
"712","적용하면 어떤식으로 적용할지?"
"713","해당 기술에 어떠한 지식을 갖고 있는지"
"714","경력 사항에 대한 질문?"
"715","업무에 대해 궁금한게 있는지?"
"716","우리 회사가 면접자를 택해야 하는 이유?"
"717","대기 중 보여드렸던 영상 중 감격 깊은 장면은?"
"718","우리 회사의 강점은?"
"719","회사를 선택한 이유"
"720","자기소개"
"721","이력서 보시고 전에 일 할 때 어떤 일을 하였는지"
"722","꽃 관련 질문( 계절별 꽃 1개씩 말하기등등)"
"723","경력사항에 관한질문"
"724","서비스의 대한 자신만의 신념이 있나"
"725","정직원이 되기위한 노력"
"726","어떻게 지원하게 되었는지?"
"727","전 직장에서는 어떤 직무를 수행하였는지?"
"728","입사하게 된다면 직무를 잘 수행할거라 생각하는지?"
"729","한글로 자기소개"
"730","호텔에 대해서 사전조사 했는지"
"731","햇빛알러지 있는지"
"732","제일 힘들게 일한게 어떤 상황이었는지"
"733","호텔 경력이 긴데 어떻게 버텼는지"
"734","그렇다면 그 호텔에서 뭘 배웠는지"
"735","자기소개 및 장단점"
"736","경력관련"
"737","원하는 부서"
"738","과가 프랑스어과인데 왜 서비스를 하려고 하는지"
"739","서비스직 경험이 있는지"
"740","기본적인 경험 질문"
"741","냉동사이클의 구성을 설명하시오"
"742","강제순환 공조기와 외기도입식 공조순환방식의 차이를 설명하시오"
"743","현장 안전관리에 있어 중요하다고 생각하는 점을 얘기해보시오"
"744","자기소개"
"745","기억에 남는 착한손님, 나쁜손님"
"746","취미"
"747","성격이 급한편? 차분한편?"
"748","지금 딱 생각나는 친구가 있나"
"749","마지막할말"
"750","회사와 이 업무에 대해 알아보셨나요?"
"751","문화적 차이에 대해 괜찮으실지...?"
"752","전에 일했던 회사가 어땠나요?"
"753","자기소개"
"754","지원동기"
"755","영어자기소개"
"756","경력에대한 질문"
"757","이직하려는 이유"
"758","자기소개 지원동기"
"759","경력사항에 대한 질문"
"760","어도비 프로그램 사용 유무"
"761","회사와 자택 거리"
"762","여기오기전에 어떤일을 했습니까"
"763","어떤 역량을 발휘 할 수 있습니까"
"764","회사를 선택한 이유"
"765","전 직장에서 했던 업무는?"
"766","어떤 업무를 두고 이런 업무도 했었나요?"
"767","이런이런 업무를 할껀데 괜찮나요?"
"768","우리회사를 어떻게 알고있는지?"
"769","하게 될 직무에 어떤 준비를 하였는지?"
"770","이직사유"
"771","직무 관련 질문"
"772","회사에서 사용하는 시스템 관련 질문"
"773","회사에 궁금한점"
"774","전에 회사에서 어떤일을 하였는가?"
"775","어떤 이유로 이직 하게 되었는가?"
"776","할수있는 프로그램과 어느정도의 사용가능한가?"
"777","자동차 일 경험"
"778","안전사고"
"779","업무숙지"
"780","간단한 자기소개"
"781","출퇴근 어떻게 할 것인지"
"782","이전직장은 왜 그만두었는지"
"783","첫직장과 두번째 직장의 업종이 다른데 왜 그런지"
"784","다른회사에는 면접이 잡혀있는지"
"785","1분 자기소개"
"786","마지막으로 할말"
"787","자기소개서기반의 경력사항 질문"
"788","전 회사를 그만 둔 이유"
"789","향후 회사의 신사업 제안 (토론 면접)"
"790","학교 등에서 동호회 등 그룹활동 경험"
"791","자기소개"
"792","지원동기"
"793","왜 당신을 뽑아야 하는가"
"794","지원동기"
"795","마지막할말"
"796","피티"
"797","경력사항과 본인의 강점은?"
"798","미래에 동원산업이 지향 되어야 할 점은?"
"799","동원인이 된다면 각오와 목표"
"800","이전 회사에서 맡은 업무에 대한 상세질문"
"801","자회사 재무상태표 본적있는지?"
"802","이전 회사를 그만둔 이유"
"803","갑.을 관계에 대한 기성세대와 현세대의 관점 차이는 무엇이라 생각하는가?"
"804","학창 시절 맡았던 팀 프로젝트 설명과 프로그램 사용한거 어느 여부까지 사용 가능한지 설명해보아라"
"805","회사 직무 선택 이유는?"
"806","긴장될 때 어떻게 푸는지?"
"807","나의 성격은?"
"808","회사의 부당한 업무에 대해 어떻게 생각하는지?"
"809","자기소개"
"810","경력을 토대로 질문"
"811","자신의 성격이 어떠한지?"
"812","회사 선택한 이유"
"813","퇴사 후 이직 이유"
"814","자신을 한단어로 표현한다면?"
"815","경력사항에 대한 간단한 설명"
"816","간단한 회사정보"
"817","성격 장단점"
"818","경력이 없는데 괜찮겠는가"
"819","지방근무 괜찮겠는가"
"820","전기도면 볼 수 있는가 등"
"821","이직사유 중 가장 와 닿을수 있는 이유가 있나요?"
"822","지원자가 생각하는 현대로템의 미래는?"
"823","가장 기본적인 저희회사에 매출액은?"
"824","방산, 철도 둘중 왜 (두곳중 한곳)이곳을 선택했나?"
"825","연봉이 적어젔는데 그에 대해선 어떻게생각하시는지?"
"826","왜 1-2년 갭이 있나요? 이 때 뭘 하셨나요?"
"827","대학원 전공을 선택한 이유는?"
"828","업종이 다양하게 바뀐 이유는?"
"829","경력사항"
"830","장단점"
"831","계약 도중 다른곳에 입사가 되면 어떻게 할것이냐"
"832","PR이란 무엇이라고 생각하나"
"833","왜 PR에 관심을 가지게 되었나"
"834","기억에 남는 특정 기업 및 제품의 PR이나 마케팅"
"835","경력사항에대한 질문"
"836","해당직무에대해 잘 알고 있는지"
"837","상황대처능력 질문"
"838","에어컨 설치가 아니더라도 관련 설치 작업을 한적이 있는가?"
"839","어디서 공고를 보았는가?"
"840","앞으로 이 일을 하는 비전을 알고 있는가?"
"841","이전 경력 관련된 질문 굉장히 많이함"
"842","퇴사한 이유는? 여기에 합격해서 다니게 될 동안 똑같은 어려움을 만난다면?"
"843","스트레스는 어떻게 푸나요?"
"844","해당 직무 외에 타부서로 이동하게 된다면 어떻게 하겠는지"
"845","신입사원한테 어떤게 가장 중요하다고 생각하는지"
"846","거래처 관리에 있어서 인간적으로vs원칙대로 어느쪽이 중요하다고 생각?"
"847","연봉은 어느정도?"
"848","간단한 영어/일본어 질문"
"849","본인이 해당 직무에 어울리는 이유는?"
"850","요즘 읽고 있는 책은?"
"851","경력"
"852","다이소 메리트"
"853","왜 다이소인가?"
"854","전직장은 왜그만뒀죠?"
"855","지원한 이유는??"
"856","본인은 어떤성격을 가지고 있나요?"
"857","이 직무를 수행할 때 본인이 내세울 수 있는 강점"
"858","지원한 직무를 스포츠로 비유한다면?"
"859","일을 할 때 가장 중요하다고 생각하는 것은?"
"860","지금 지원한 직무 이외에 다른 직무로 이동권유를 받는다면 갈 의향이 있는가."
"861","이 직무는 무슨 일을 하는 곳이라고 생각하는가"
"862","직무의 강점 및 약점"
"863","직무의 전문성과 이해도"
"864","상황별 대처능력"
"865","1분자기소개"
"866","아성hmp회사에 대해 아는것 말해보세요"
"867","다이소에서 가장 기억에 남는 상품과 이유"
"868","남자친구 있는지"
"869","담배 피는지"
"870","핸드폰 잘 안 만지는지"
"871","자기소개"
"872","회사와 집과의 거리"
"873","직무 특성 극복방안"
"874","회사의 지원동기와 자기소개를 간단히 해주세요"
"875","왜 이 직무를 선택했는지?"
"876","전공이 직무랑 일치하지 않는데 어떻게 생각하나요?"
"877","어떤음식 좋아하는가"
"878","왜 그런 주제를 선택하게 되었는가"
"879","좀 더 학문적으로 연구할 생각은 없는가"
"880","학교생활동안 어떤 사람인지"
"881","옆 사람보다 자격증 없는 이유"
"882","직무 중 자신있는거는"
"883","생기부랑 이력서 보고 질문"
"884","호화 노화"
"885","라면공정"
"886","대학성적"
"887","자기소개서 관련 질문"
"888","소맥분 글루텐 함량에 대한"
"889","동결건조란?"
"890","HACCP의 사전조치는?"
"891","만약에 공장에 비둘기가 침입한다면 어떻게 조치할 것인가?"
"892","지원동기"
"893","회사/반도체 이해도"
"894","업무와 연관된 자신의 강점"
"895","무언가로 자신을 표현 (예시:들꽃,나무 등등-이건 본인이 말해야함)"
"896","본인의 인생관 (인화,창조 등 말하면 됨)"
"897","본받고 싶은 사람"
"898","회사에 다니다가 다른 회사가 들어온다면 지원하겠는가?"
"899","어려운 과목은 무엇인가?"
"900","코로나 전과 후의 취미가 무엇이었는가?"
"901","현재까지 내가 했던 업무에 대해서 PPT로 준비하게 하고 면접당일에 영어로 발표하게 함."
"902","품질엔지니어 지원을 하였기 때문에 , 품질관리 용어에 정의를 물어봄, 예를들면 FMEA, Control plan and etc"
"903","근무지에 대한 문제가 없는지에 물어봄."
"904","영어 자기소개"
"905","패키징에 대해서 아는점 설명"
"906","전공과 회사를 연결해서 설명"
"907","1분 자기소개"
"908","성격의 장단점"
"909","없음"
"910","우리회사에 대해 알고있는가?"
"911","자신의 강점과 약점"
"912","직무에 지원한 동기"
"913","1분 자기소개(한글 or 영어)"
"914","본인 출신 학교를 영어로 소개해보라"
"915","입사 후 자신의 목표와 포부를 말해보아라"
"916","자기소개"
"917","남들이 생각하는"
"918","서비스에서 중요하다고 생각하는 것"
"919","서비스란 무엇인가?"
"920","회사를 지원하게된 이유는?"
"921","본인의 장점은?"
"922","맨처음 자기소개 (과거 경력 위주로)"
"923","진상고객이 있을수도 있는데 잘 응대할수 있나?"
"924","회계지식은 어느정도 있나? 과거 회계업무 경력이 없는데 할수 있겠나?"
"925","경력이 없어 신입사원 월급으로 책정될듯한데 수용이 가능한가?"
"926","개인의 성격과 업무가 잘 맞을것이라 생각하나?"
"927","인내심이 있는 편인가?"
"928","맨 마지막으로 입사후 포부에 대해 간략히 말하라."
"929","맛집 추천과 이유"
"930","회사에서 무엇을 하고 싶은지? (직무관련)"
"931","자소서 관련 질문"
"932","1. 간단한 자기소개."
"933","2. 이전직장 퇴사 사유"
"934","3. 회사의 사업 아이템에 대해 알고 있는지"
"935","4. C-REO(설계툴) 사용 경험이 있는지 그리고 얼마나 다룰지 아는지"
"936","5. 직장과 자택의 거리가 얼마나 되는지. 출근 시 방법"
"937","자기소개"
"938","운전면허증 여부"
"939","관련 업종 경험"
"940","개인 소개"
"941","개인 경력"
"942","회사 선택한 이유"
"943","리더십이란 무엇인가?"
"944","칭찬받은것 중에 기억에 남는것"
"945","자기소개 1분"
"946","추위에 강한지"
"947","52시간 근무 찰저"
"948","관리 및 사회경력 을 안정해주어서"
"949","경력에 대한 질문"
"950","경력직이니 업무에 대한 이해도"
"951","회사를 택한 이유"
"952","이전에 어떤 일을 했는지?"
"953","경력단절된 사유는?"
"954","주야근무가 가능한지?"
"955","자신의 장단점?"
"956","자신은 어떤 사람인가?"
"957","자기소개"
"958","거주지가 어딘가요?"
"959","우리 회사는 어떤 일을 하는 회사인지 아시나요?"
"960","자신의 성격은?"
"961","경력 사항에 대한 질문"
"962","우리 회사의 강점은"
"963","회사를 선택한 이유"
"964","왜 현장직에 들어왔는가"
"965","화학약품을 많이써서 냄새나는데 괜찮은가"
"966","집이먼데 어떻게 다닐건가"
"967","이전 회사에서 어떤 분야의 일을 맡았고, 경력은 몇년 인정받고 싶으신가요?"
"968","회사의 비전과 가치가 무엇인가요?:"
"969","많은 회사 중 이 회사를 고른 이유가 무엇인가요?"
"970","회사의 장점3가지"
"971","지원동기"
"972","경쟁 회사"
"973","평판재하시험이 뭔가요?"
"974","측량의 종류를 말해보시오."
"975","회사에 지원하게 된 동기"
"976","이력서를 보고 경력사항에 대한 세세한 질문?"
"977","게임 좋아합니까?"
"978","회사를 선택한 이유?"
"979","자기소개"
"980","지원동기 및 직무관련질문 3~4가지"
"981","지원 분야, 마지막 하고싶은 말"
"982","주요 경력사항과 주요 업적"
"983","지원동기와 합격되어야 하는 이유"
"984","전 회사와 비교하여 어떨 것 같나?(기업문화나 복지 등)"
"985","계절 메뉴 작성하기"
"986","전 직장 퇴사 사유"
"987","지원 동기 및 포부"
"988","평판재하시험이 뭔가요?"
"989","측량의 종류를 말해보시오."
"990","회사에 지원하게 된 동기"
"991","자기소개 위주의 질문을 다수"
"992","최종적인 목표"
"993","업무적인 스트레스 푸는 방법"
"994","왜 이 회사를 선택했는지"
"995","의견을 안받아들이는 사람에게 의견을 어떻게 전달할 것인가"
"996","진행했던 일에 대한 소개"
"997","발견했던 이슈 중 특이이슈"
"998","1분 자기소개"
"999","아떻게 스트레스를 푸는지"
"1000","좋아하는 게임을 친구에게 소개한다면"
"1001","최근에 화제가 되고 있는 게임 해보았는지"
"1002","자격증"
"1003","직무에 대한 이해도"
"1004","출퇴근"
"1005","회사 및 사업에 대한 전반적인 이해도"
"1006","사업에 대한 예상 수익 및 예상 업무 진행 예시"
"1007","경력에 대한 장단점"
"1008","당신의 특기는 무엇인가"
"1009","왜이회사를 지원했는지"
"1010","경력직임에도 왜 신입을 지원 했는가"
"1011","제일 잘 웃고 자신감이 넘쳐 보인다. 그만큼 이 회사에 오고 싶은 것 같은데 왜 여긴가? =지원동기)"
"1012","영양사가 되고싶은 이유"
"1013","가장 기억에 남는 교수"
"1014","(영어) 식스시그마를 설명하고 무슨프로젝트를 했나"
"1015","~~를~~로 속이고 팔아보아라"
"1016","엔지니어에게 가장 필요한 강점은?"
"1017","강성고객일때 처리방법?"
"1018","스트래스 해소법?"
"1019","이전회사 퇴사사유?"
"1020","자기소개"
"1021","사회경험"
"1022","지원이유"
"1023","경력사항에 대한 질문"
"1024","일을 할 수 있는 기간"
"1025","근태가 잘 이루어질 수 있는지"
"1026","본인 장단점"
"1027","(자격증많이보유함) 상중하 중에서 본인 실력은?"
"1028","다른 회사에도 지원한거 아니냐"
"1029","자기소개"
"1030","전공 관련"
"1031","저소서 관련"
"1032","경력사항에 관련된 질문"
"1033","성격의 장단점"
"1034","집까지와의 거리"
"1035","자기소개+지원동기"
"1036","주업무가 무엇인지 알고 있는지 - 현대백화점 신용카드 관련 업무가 주를 이룸(발급, 결제, 문의 등)"
"1037","여러 사람과 잘 지낸 경험 또는 사례+통근 거리+다른 지점도 일할 의지가 있는지"
"1038","궁금한 점이나 질문"
"1039","지원동기"
"1040","취미"
"1041","단점"
"1042","이전 직장에서 맡은 업무"
"1043","이전직장 직급, 연봉"
"1044","외국어 실력"
"1045","현대백화점 영업관리직무를 맡는다면 어떤 카테고리를 담당하고 싶나(영패션,남성,여성패션,식품등)"
"1046","최근에 다녀온 맛집을 추천해달라"
"1047","마지막으로 하고싶은 말?"
"1048","과거 경력이 롯데칠성음료에서 적용될 수 있는지?"
"1049","지원동기"
"1050","앞으로의 미래계획"
"1051","자기소개"
"1052","지원동기"
"1053","입사 후 포부"
"1054","우리화사에 대해 아는 것을 말해보라"
"1055","자신의 능력을 객관적으로 평가한다면"
"1056","자기 계발에 어느정도 투자하는가"
"1057","이 직무를 수행함에 있어 가장 중요하게 생각하는것?"
"1058","지방근무 가능한가요?"
"1059","서연이화를 선택한 이유?"
"1060","본인의 성격이 내향적입니까, 외향적입니까?"
"1061","친구가 많은 편입니까?"
"1062","영업이란 무엇이라고 생각합니까?"
"1063","지인들 중 기술영업에 종사하는 분이 있습니까?"
"1064","취미나 여가 활동으로 무엇을 합니까?"
"1065","비서란무엇인가"
"1066","비서가 되기위해서 필요한 자질 세가지"
"1067","불합리한 지시사항을 받는다면 어떻게할것인가"
"1068","고등학생때부터 지금까지의 일생기"
"1069","졸업한 학과랑 전혀 다른 분야를 지원한 이유는?"
"1070","지원하는 직무에 대해 잘 알고 있는지?"
"1071","경력과 인성 위주 질문"
"1072","삼성 계열사로 안정성"
"1073","삼성 계열사"
"1074","집이 지방인데 수도권 근무 잘할수있겠냐?"
"1075","용접관련 업무를 했다는데 용접의 장점과 단점을 말해보아라"
"1076","전 회사 다닐때 힘들었던 경험"
"1077","자기소개"
"1078","무슨 일 하는지 알고 왔는가?"
"1079","왜 에스원인가?"
"1080","지방근무 가능여부"
"1081","상사가 부당한 지시를 할시?"
"1082","희망하는 직무"
"1083","결산 Flow를 설명하세요."
"1084","한진에 대해 아는것이 있다면 말해주세요."
"1085","이직사유"
"1086","상사가 본인의 공로를 가로챌 경우 대응방법은?"
"1087","야근에 대한 본인의 의사는?"
"1088","본인의 업무 스타일은?"
"1089","아파트 시공경험에 대한 직접 설명"
"1090","회사생활의 포부"
"1091","현 주거지외 타지역의 근무가능 여부"
"1092","우리 회사에 왜 지원했습니까?"
"1093","자신의 단점이 뭐라고 생각하십니까?"
"1094","남성 비중이 커 다소 거친 분위기에 적응할 수 있겠습니까?"
"1095","계룡건설이 하는 사업 알고있냐?"
"1096","왜 계룡건설에 지원했는가?"
"1097","장교로 군을 나왔는데 왜 그랬는가?"
"1098","우리회사 말고 다른회사 지원했는가?"
"1099","어디를 가겠냐하면 우리를 온다하겠지? 왜 그런가?"
"1100","상사가 말도 안되는 부당한 지시를 내린다면?"
"1101","개발직무는 현장으로도 많이 발령날 수 있다. 근무가 가능하겠는가? 그 이유는?"
"1102","학교생활 외의 동아리나 대외활동 경험있나?"
"1103","개발부서는 힘들고 야근이 많을 수 있다. 괜찮은가?"
"1104","우리 회사는 이직율이 높다. 만약 다른회사에서 이직제의가 오면 어떻게 할 것인가? 이직시 가장 고려하는 사항은 무엇인가?"
"1105","자기소개서에 대한 심층 질문"
"1106","주량"
"1107","직무관련 사회이슈"
"1108","어떤 직무를 하고싶은지"
"1109","다룰수 있는 프로그램이 뭐가 있는지"
"1110","4차산업에서 제조업 관련해 어떤분야가 중요하다고 생각하는가"
"1111","노력해서 무언가를 성취한 경험"
"1112","회사내에서 불법적인 일을 목격했을때 대처"
"1113","마지막으로 하고싶은 말"
"1114","지원동기"
"1115","매출목표"
"1116","영업 경험"
"1117","내가 무슨 일을 했는지"
"1118","꿈이 무엇인지"
"1119","내가 노력한 일은?"
"1120","3년후, 5년후의 모습"
"1121","본인의 강점"
"1122","지원한 부서에대한 이해설명"
"1123","리하우스 TR이 어떤 직무인지 아는가?"
"1124","본인이 꼼꼼하고 세심하다고 생각하는가?"
"1125","학교와 회사의 차이에 대해 설명해봐라"
"1126","생산관리가 무엇이라고 생각하는가?"
"1127","지원동기"
"1128","이전에 다른 곳 면접본 적이 있는가?"
"1129","운전 가능한가?"
"1130","거리가 있는데 자취할 것인가?"
"1131","사는 곳에 관련된 질문"
"1132","자소서에 관한 질문"
"1133","이전 경력에 관련된 질문"
"1134","플래스샵을 방문 해보았는지?"
"1135","우리 회사의 강점은?"
"1136","기업을 보았을때 중요시하는 것은?"
"1137","이전 직장에서 영업을 어떤식으로 해왔으며 본인의 강점이 무엇인가"
"1138","전 직장의 퇴사사유 및 영업 관련 하던 업무"
"1139","경력사항에 대한 질문"
"1140","취미, 특기사항"
"1141","지원한 이유"
"1142","경력사항"
"1143","회사를 선택한 이유"
"1144","지원 동기 _ 한글로 답변 후 해당내용 영어로 답할것을 요구"
"1145","진행해본 아이템들"
"1146","앞으로의 비젼"
"1147","벤더에 대해 잘 알고있는지"
"1148","자기에 대한 어필"
"1149","그동안 해온것중 잘했다고 생각하는것"
"1150","개인정보 처리 방안"
"1151","증권업무에 대해서 얼마나 알고, 주식을 해보았는지"
"1152","현재 진행중인 전형이있는지 있다면 그곳과 비교하여 여기가 얼마나 매력이 있는지"
"1153","실제 증류탑 단수를 결정하는 요인은 무엇인가?"
"1154","근무지역 1지망을 군산으로 선택한 이유?"
"1155","자신을 한 단어로 표현하면?"
"1156","자기소개를 해주세요?"
"1157","어떤사람이 되고 싶나요?"
"1158","질문이 두개 밖에 없었습니다."
"1159","장단점"
"1160","1분 자기소개"
"1161","자신의 꿈"
"1162","1차 2차 : 영양사로서 가장 중요한 자질"
"1163","2차 : 자신이 큰 손해를 보면서 양보를 한 경험"
"1164","2차 : 여사님들이 지원자를 무시한다면 어떻게 행동"
"1165","2차 : 영양사로서 중요한 자질 세가지를 다 지키기 힘들탠데 어떻게 지키겠습니까"
"1166","1차 : 갑자기 식재료 수급에 차질이 생긴다면"
"1167","경쟁사 대비 우리 회사의 강점은?"
"1168","본인의 특기는?"
"1169","차별을 당한 경험은?"
"1170","이 직무를 수행함에 있어 가장 중요하게 생각하는것?"
"1171","지방근무 가능한가요?"
"1172","서연이화를 선택한 이유?"
"1173","직무설명"
"1174","지원한 동기"
"1175","추후의 면접이 가능한가"
"1176","경력사항에 물어봤어요"
"1177","무엇을 만드는 곳인지 아는지 물어보셨어요"
"1178","근무하게 된다는 어떻게 일을 할것인지 물었습니다."
"1179","사용한 Chip 사양이 어떻게 되는가?"
"1180","만일 차종개발할 일정은 얼마 안되는데 개발해야할 차종이 많다면 어떻게 대응하겠는가?"
"1181","이직하려는 이유는 무엇인가?"
"1182","회사에서 주력으로 만드는 제품이 뭔지 아는가?"
"1183","1분 자기소개"
"1184","경력사항에 대한 세세한 질문"
"1185","이직사유"
"1186","지원사유"
"1187","주재원 가능여부"
"1188","원하는 부서"
"1189","왜 이직을 생각하게 되었는가?"
"1190","보이드관련 대응방법은?"
"1191","미투운동이 화두인데 성희롱은 어디부터 라고생각하는가?"
"1192","지원동기"
"1193","회사에 대해 알고 있는점"
"1194","직무 지원동기"
"1195","경력사항은 주로 단기아르바이트를 하였습니다."
"1196","편안한 분위기에서 일할 수 있는점이 좋습니다."
"1197","사회경험을 쌓기 위해 지원하였습니다."
"1198","본인이 연구했던 것을 어떻게 적용시킬 수 있는가?"
"1199","최근 읽은 책에 대해 설명하시오."
"1200","회사에 대해 알고있는 것을 이야기해보시오."
"1201","셀트리온에 대해"
"1202","자신의 장단점"
"1203","자기에 대해 한마디로 표현함"
"1204","가장 좋아했던 과목가 그 이유"
"1205","만약 지원 부서가 아닌 타부서에 발령이 났다면 어떠할지"
"1206","자소서에 적은 내용 그대로를 질문(전공)"
"1207","전 회사 퇴직 및 이직 이유"
"1208","이력서 및 자기소개서 사실 확인"
"1209","회사 근무 및 시스템 적용시 어려운 점 및 극복방법"
"1210","회사에 들어오고 싶은 이유 ?"
"1211","취미 특기 ?"
"1212","무슨회사인지 아는가 ?"
"1213","맡았던 업무에서 실질적인 성과를 낸 경험에 대해 말해보시요"
"1214","우리 회사에서 구체적으로 어떤 역할을 맡고 싶은지 말해보세요"
"1215","우리 회사에 지원하게 된 이유를 말해보세요"
"1216","실무) 1분 자기소개 & 자소서 내용 검증 질문"
"1217","실무) 본인의 전공의 이슈는?"
"1218","임원) 본인의 전공과 관련해서 하고 싶은 업무는?"
"1219","임원) 만약 다른 업무가 주어진다면?"
"1220","임원) 실패한 경험과 그에 대처한 자세"
"1221","임원) MZ세대의 정체성과 기성세대의 갈등 및 MZ세대가 고쳐야 할 점은?"
"1222","회사에 들어오면서 무슨 생각이 들었는지?"
"1223","요즘 세대는 워라밸을 중요시하는데, 직무에 있어서 어떻게 밸런스를 맞출 것인지"
"1224","5년 후, 10년 후 미래의 모습?"
"1225","이직 이유"
"1226","기존업무"
"1227","현업과 적용 가믕성"
"1228","이 지원자들 중 어떤 사람을 뽑겠습니까?"
"1229","성공했던 경험"
"1230","엔지니어로서의 가장 중요한 덕목"
"1231","회사의 경쟁력 무엇인가요0"
"1232","경력사유"
"1233","이직이유"
"1234","회사에 대해 알고 있는 부분"
"1235","이직인 경우 왜 전 회사를 그만두게 되었나"
"1236","업무를 시작한다면 언제부터 출근 가능한가"
"1237","무엇을 하는 회사인지 알고 있느냐"
"1238","경력사항 직무경험"
"1239","자신의 장점"
"1240","회사에서 발휘할 수있는 부분"
"1241","창의적이었던 경험"
"1242","도전 경험"
"1243","지원동기"
"1244","기존에 다니던 곳의 퇴사를 결심하게 된 이유?"
"1245","사조대림이 당신을 왜 뽑아야 하는 이유?"
"1246","서울 근무가 가능하십니까?"
"1247","사조대림하면 떠오르는 이미지"
"1248","본인이 사조대림에 일조할 수 있는 특별 역량"
"1249","면접을 마치며 마지막으로 하고싶은 말"
"1250","1분 자기소개"
"1251","학창시절 본인이 제일 기억나는 순간"
"1252","자기소개(1차)"
"1253","전공이 다른데, 마케팅 직무를 선택한 이유는?(1차)"
"1254","가장 보람있는 경험은?(1차)"
"1255","꿈은?(1차)"
"1256","자기소개(2차)"
"1257","회사 제품 중 가장 인상 깊었던 것(2차)"
"1258","지원한 직무가 아닌 다른 직무로 뽑혀도 괜찮은지?(2차)"
"1259","1분자기소개"
"1260","성격 장점"
"1261","회사선택기준"
"1262","경력의 경우, 이직 사유, 신입의 경우 입사 지원 동기"
"1263","왜 관련 학과를 선택했는가?"
"1264","졸업 여부"
"1265","자기소개"
"1266","업무에 대해 아는점"
"1267","마지막 할말"
"1268","주량은?"
"1269","가족구성원은?"
"1270","경력인정이 안될 경우 입사가능한지?"
"1271","지원동기"
"1272","회사를 알게된 계기"
"1273","직무 선택한 이유"
"1274","전공관련 사회적 이슈"
"1275","경력사항"
"1276","기업이라면 면접자를 채용할 것인가"
"1277","1,2지망이 다른데 그래도 상관없는지"
"1278","자신의 강점을 살렸던 경험"
"1279","실패했던 경험이 있는지"
"1280","자신이 지원하게된 부서에 대해 아는 것"
"1281","전공과 다를시 왜 이쪽으로 오게 되엇는지"
"1282","간단한 자기소개 (경력 위주)"
"1283","Portfolio presentation in English"
"1284","전 직장 퇴사 사유"
"1285","아파트 시공경험에 대한 직접 설명"
"1286","회사생활의 포부"
"1287","현 주거지외 타지역의 근무가능 여부"
"1288","우리 회사에 왜 지원했습니까?"
"1289","자신의 단점이 뭐라고 생각하십니까?"
"1290","남성 비중이 커 다소 거친 분위기에 적응할 수 있겠습니까?"
"1291","개임을 좋아하는지?"
"1292","왜 이직하려고 하는지"
"1293","본인의 커리어 골은?"
"1294","개인별 자기소개"
"1295","회사를 알게된 경로"
"1296","개인 경력사항 간단히 설명"
"1297","현장업무 특성상 격외지 근무를 할수 밖에 없는데 가능여부"
"1298","경력관련질문(많음)"
"1299","우리회사에대해 알고있었는지"
"1300","최근 연구동향 (아는대로 설명)"
"1301","할줄아는실험 설명"
"1302","졸업논문설명"
"1303","거리문제 출근"
"1304","결혼, 출산"
"1305","지원동기"
"1306","회사에 대해 알고 있는점"
"1307","직무 지원동기"
"1308","아워홈에 지원한 동기는?"
"1309","쌀의 도정 수율에 대해서 영어로 설명하시오"
"1310","지방으로 파견을 나가게 되면 어떻게 업무를 할 것인가"
"1311","동아리활동"
"1312","취미"
"1313","지원동기"
"1314","감가상각에 관해 설명하라"
"1315","원가회계의3요소란?"
"1316","야근을 할 수 있는가?"
"1317","학점이 낮은 이유는 무엇인가"
"1318","입사 포부를 말하라"
"1319","급한 성격인가?"
"1320","1분자기소개 및 퇴사 이유?"
"1321","김치에 대해서 제일 중요한것이 무엇인가"
"1322","아워홈 김치에 대해서 아는대로 말해보시오"
"1323","생산관리에서 중요한것은?"
"1324","생산관리 주업무에 대해서 말해보시오"
"1325","어려웠던 경험이 무엇이고 어떻게 극복했는지?"
"1326","이력서 자소서 기재사항에 대한 질문"
"1327","현재 충원하고픈 직무가 있는데 이 직무에 대한 경험 있는지"
"1328","지원사유와 전,현직장 퇴사사유"
"1329","기존에 해왔던 업무지식"
"1330","회사를 선택한이유"
"1331","주말근무의 가능여부"
"1332","왜 퇴사했는가"
"1333","우리 제품의 디자인은 어떠한가"
"1334","3D로 제품을 만들어 보라고 한다면 할 수 있는가"
"1335","회사를 위해 할수있는일"
"1336","이직사유"
"1337","회사에 대해 아는것을 말해보시오"
"1338","자기소개서는 형식적인거고, 본인이 포스코케미칼에 들어오기위해 노력한 것은 어떠한 것이 있습니까?"
"1339","봉사활동 실적(260시간)이 많은데 봉사를 하게된 결정적 계기는?"
"1340","연고지가 없는 지역에서의 직장생활 어떻게 생각하시나요?"
"1341","마지막으로 하고싶은 말이 있나요?"
"1342","한라 채용공고는 어디서 알았나요?"
"1343","희망직급이 무언가요?"
"1344","현장 근무 가능하죠?"
"1345","돈을 벌어본 경험이 있나?"
"1346","해외연수 해봤나?"
"1347","본인과에 대하여 어떻게 생각하나?"
"1348","품질관리 직무에 지원한 이유가 무엇인가?"
"1349","인턴경험"
"1350","1분 자기소개"
"1351","회사지원동기"
"1352","전공에 관한 설명"
"1353","영어 자기소개"
"1354","직무에 대한 이해"
"1355","상사와 부딪혔을때 대처"
"1356","어떠한 마케팅 활동을 했었는지"
"1357","왜 면접자를 뽑아야하는니"
"1358","경력사항에 대한 상세한 질문 (다양한 경험을 한것으로 혼자한것인지, 함께한것인지/ 혼자했다면 힘들지않았는지 등도 물어보셨습니다.)"
"1359","다른부서와의 갈등을 어떻게 해결할것인지"
"1360","자기소개에서 나를 표현했던 단어를 왜 사용한것인지"
"1361","경험을 얕게 했다면 문서로만 익혔다고 봐도 되는지"
"1362","회사의 제품에 대해 아는점"
"1363","인턴을 하였는데 그때의 에피소드"
"1364","인턴의 업무루틴이 뭐였는지"
"1365","제조용수 샘플링시에 가장 중요하다고 생각하는점을 말해주세요"
"1366","학교에서의 실험이 뭐뭐해봤는지"
"1367","validation/qualification 이 무엇인지"
"1368","입사하게 된다면 가장 기대되는 점"
"1369","취미가 무엇인지"
"1370","그룹내에서 리드하는 편 or 소속되어있는 편"
"1371","인생에서 기억에 남는 순간"
"1372","1분 자기소개"
"1373","대학교 졸업 후 임상병리사로 취업하지않고 대학원에 간 이유"
"1374","게재 논문들이 주로 어떤 내용이었는지(꼬리질문)"
"1375","꼬리질문(1)주로 항생제 내성 유전자를 연구했는지?"
"1376","꼬리질문(2)석사 때 마이크로바이옴 연구했는지?"
"1377","NGS 해봤는지"
"1378","마지막으로 회사에 궁금하거나 하고싶은 말"
"1379","학부연구생으로 지내며 어떤 실험을 해보았는가?"
"1380","자신의 단점에 대해 얘기해주세요."
"1381","왜 제약회사에서 근무하고 싶으신지"
"1382","발현량이 적은 단백질을 어떻게 높일것인지"
"1383","기존의 방식에서 개선하면 좋을 부분은?"
"1384","마지막으로 1분 자기 PR 시간 드리겠습니다."
"1385","경력 사항에 대한 질문과 어떻게 기여할 수 있을지?"
"1386","우리 회사를 선택한 이유"
"1387","스트레스 해소 방법"
"1388","학술팀 업무 내용을 알고 있는기?"
"1389","영어 논문 읽고 이해하는 것에 능숙한가?"
"1390","신입사원으로써 잘 적응할수있는가?"
"1391","마케팅에 관심을 가지게 된 계기?"
"1392","입사하게 된다면 어느 직급까지 올라가고 싶은가?"
"1393","집이 멀리 있는데 어떻게 출근할 계획인지?"
"1394","우리 회사가 어떤 회사인지 아는가?"
"1395","입사후 영어가 많이 필요한데 영어 회화 실력이 어느정도인가?"
"1396","지원직무에 대해서 가장 중요하다고 생각하는 점은?"
"1397","우리회사에 대한 제품이름을 아는가?"
"1398","이직하는 사유는?"
"1399","거주지, 이력서 사항"
"1400","3분 스피치 (주제 면접관 자유 재량)"
"1401","인사총무의 업무 형태"
"1402","각 경력회사에서 담당했던 직무는?"
"1403","당신은 보험이 필요하다고 생각하십니까?"
"1404","자신이 어려웠던 일을 극복했던 경험이 있나요?"
"1405","리세셥에 지원하게 된 이유"
"1406","어떤 업무를 하는지에 대해"
"1407","후배와 싸우면 어떻게 해결하는지"
"1408","스트레스를 어떻게 해소하는지"
"1409","이전 직장에서 주로 담당했던 직무는?"
"1410","Fly-ash 이송시스템에 들어가는 설비를 루츠브로워 부터 끝까지 대보기"
"1411","Fly-ash 이송시스템 설치 공사 과정중 가장 어려웠던 경험은?"
"1412","그 이외의 프로젝트 공사 진행중 어려웠던 경험은? 어떻게 해결해 나갔는지?"
"1413","레미콘 구성요소?"
"1414","MS 오피스 프로그램 활용능력"
"1415","업무가 단순하고 반복적인데 괜찮은지"
"1416","관리직무에 입사하여서 무엇을 할 수 있는지"
"1417","회사에대해 아는 것이 무엇인지"
"1418","지방에 근무하여도 가능한지"
"1419","자기소개"
"1420","회사를 선택한이유"
"1421","실무에 관한 질문"
"1422","대학교에서 어떤 생활을 했는지?"
"1423","우리회사는 어떤 회사인지?"
"1424","가지고 있는 자격증 및 자신의 강점"
"1425","기업에 입사하여 자신의 강점을 발휘 할 수 있는 부분은?"
"1426","매장 방문 경험"
"1427","회사를 선택한 이유"
"1428","주말에 일하셨던 경험이 있으시네요?"
"1429","우리회사 광고모델로 적합한 사람은 누구인가?"
"1430","회사의 강점이 무엇이라고 생각하시나요?"
"1431","지원하게 된 동기는?"
"1432","직무에 있어서 필요한 것이 무엇인가?"
"1433","입사 후 포부는?"
"1434","조합과의 관계 형성을 어떻게 할것인가"
"1435","농협사료에 대해 아는것을 말하라"
"1436","영업에서 가장 중요한것은 무었인가"
"1437","왜 남들 다 하기 싫어하는 보험업을 선택했느냐?"
"1438","인생에서 모든 것을 포기하더라도 꼭 이루고자 하는 간절한 소원이 있느냐?"
"1439","이루지 않으면 안될 인생의 목표가 있느냐?"
"1440","연구내용에 대한 상세한 질문"
"1441","회사의 어떤 파트에 기여할 수 있는가"
"1442","영어회화 어느정도 가능한가?"
"1443","교육기획 쪽으로 지원한 이유는요?"
"1444","저희 기업에 대해 아시는 점은요?"
"1445","경력에 대해 설명해주세요"
"1446","정비가 왜 하고싶은가?"
"1447","무엇을 준비하였나?"
"1448","왜 이브랜드를 선택했나?"
"1449","경력 사항에 대한 질문"
"1450","지원이유 질문"
"1451","각오"
"1452","식품회사에 경험이 있는지"
"1453","생산직 경험있는지"
"1454","보건증있는지"
"1455","자기소개(자유롭게)"
"1456","영양사와 조리사간의 갈등 해결방안(선착순 질문)"
"1457","식단가 낮은곳 높은곳 선택하고 그 이유 (공통질문)"
"1458","경력사항"
"1459","이직사유"
"1460","지원동기"
"1461","자신이 생각하는 생산관리란?"
"1462","자신이 생각하는 생산관리의 가장 큰 문제점은?"
"1463","생산성이란?"
"1464","첨부된 논문에 대한 상세 질문"
"1465","입사하여 개발하고 싶은 제품"
"1466","부전공 선택이유"
"1467","자기소개"
"1468","자기소개를 바탕으로 직무경험 및 인성부분에 대한 물음"
"1469","회사가 외관상 지주회사이지만 자회사 대비 처우가 조금 불편하다면 감내가능한지?"
"1470","팀이 분화가 잘 되어있는게 바람직한지 유기적인 것이 바람직한지에 대한 본인의 생각?"
"1471","회사가 시내와 분리되어 주변에 편의시설 등이 없는데 괜찮은지?"
"1472","왜 이 직무인가"
"1473","나의 강점 일화소개"
"1474","전공에서 배운 것 중 직무관련 내용"
"1475","본인이 제일 잘하는 것"
"1476","회사 인재상"
"1477","출퇴근 방식"
"1478","영 칼로리의 정의란 무엇인가"
"1479","미래에 각광받을 건강 기능성 식품은 무엇인가"
"1480","가장 감명 깊게 읽은 책은 무엇인가."
"1481","자기소개 1분안으로 해보시오"
"1482","회사소개 간단하게 해보시오"
"1483","자신의 장점은?"
"1484","자기소개 및 지원동기"
"1485","알고 있는 회사 공정에 대한 설명 (ex. 어떤 촉매 사용하는지 아는가?)"
"1486","리더로서 어떤 자질이 가장 중요한지?"
"1487","경력사항에 대한 상세한 소개"
"1488","지원 동기"
"1489","전 직장 연봉, 복지사항"
"1490","해당 경력 사항은?"
"1491","우리 회사 들어오면 고객 대응이 힘들텐데?"
"1492","언제부터 다닐 수 있나요?"
"1493","우리회사에 대해서 아는것은?"
"1494","왜 이 직무를 택했는가?"
"1495","회사지원동기?"
"1496","도전했던 경험"
"1497","우리회사가 고객을 상대로 서비스 지원을 하는데 고객을 만족시킨 경험이 있는지"
"1498","마지막 할 말"
"1499","싫어하는 사람과 일해본 경험"
"1500","조직을 위해 본인이 노력해서 성과를 낸 경험"
"1501","주도적으로 문제를 해결하기위해 노력한 경험"
"1502","자기소개"
"1503","대부분 자소서 기반 질문"
"1504","자소사 기반 질문"
"1505","도전했던 경험"
"1506","우리회사가 고객을 상대로 서비스 지원을 하는데 고객을 만족시킨 경험이 있는지"
"1507","마지막 할 말"
"1508","싫어하는 사람과 일해본 경험"
"1509","조직을 위해 본인이 노력해서 성과를 낸 경험"
"1510","주도적으로 문제를 해결하기위해 노력한 경험"
"1511","자기소개"
"1512","대부분 자소서 기반 질문"
"1513","자소사 기반 질문"
"1514","전공에 대한 설명"
"1515","지원 직무에 대한 이해"
"1516","자소서 기반 학력 성격 등 질문"
"1517","성실한가, 체력이 좋은가"
"1518","취미, 특기"
"1519","얼마나 오래 다닐수 있냐 등"
"1520","전직장에서의 담당업무"
"1521","본인의 강점"
"1522","이직 사유 및 우리회사에서 어떤 가치를 창출할 수 있는지"
"1523","직무중심의 질문"
"1524","자기소개"
"1525","지원동기"
"1526","왜 우리 회사로 이직하고 싶은지?"
"1527","왜 많은 제약사 중에서도 종근당인지?"
"1528","본인이 잘 하는 취미를 판매해본다면?"
"1529","직무관련 질문"
"1530","회사에 대해 알고 있는 것 (조사한 것)"
"1531","영어/전공 성적"
"1532","희망 연봉"
"1533","부모님을 존경하는 이유."
"1534","왜 계약직을 선택했냐+추후 정규직을 전환할것이냐"
"1535","계약직과 정규직에 차이를 아는가"
"1536","취미나 특기가 있는가"
"1537","일을 하게된다면 어떤 업무를 하는지 아는가"
"1538","부모님께서 고민과 걱정하는게 있다면 무엇인지 알고있는가"
"1539","이직 하려는 사유??"
"1540","우리 회사에 대해 얼마나 알고 있는가??"
"1541","본인이 생각하는 영업이란? 잘할 수 있는 이유는?"
"1542","자기소개"
"1543","회사에 대해 아는 것 말해봐라"
"1544","영업과 마케팅의 차이"
"1545","ERP 사용가능, 지원동기, 자기소개"
"1546","업계 상위권"
"1547","업계 상위권"
"1548","직무란 무엇인가"
"1549","자신의 장단점"
"1550","회사를 선택한 이유"
